route_id,source_lat,source_lon,dest_lat,dest_lon,distance_km,duration_min,num_turns,weather,temperature_C,time_of_day,day_of_week,label,traffic_density
"(30.740337, 76.703752)-(30.700253, 76.733482)-R1",76.703752,30.740337,76.733482,30.700253,7.71,16.09,28,Clear,20.64,8:00,Sunday,1,26
"(30.740337, 76.703752)-(30.700253, 76.733482)-R2",76.703752,30.740337,76.733482,30.700253,2.07,4.46,19,Clear,31.91,8:00,Sunday,0,64
"(30.740337, 76.703752)-(30.700253, 76.733482)-R3",76.703752,30.740337,76.733482,30.700253,4.95,10.14,97,Fog,28.16,8:00,Sunday,0,82
"(30.751012, 76.801505)-(30.76814, 76.713041)-R1",76.801505,30.751012,76.713041,30.76814,7.05,14.64,29,Clouds,26.44,8:00,Sunday,1,81
"(30.751012, 76.801505)-(30.76814, 76.713041)-R2",76.801505,30.751012,76.713041,30.76814,2.92,5.06,74,Clear,26.31,8:00,Sunday,1,5
"(30.716411, 76.70447)-(30.69405, 76.775803)-R1",76.70447,30.716411,76.775803,30.69405,1.54,3.42,119,Clear,28.69,10:03,Sunday,1,50
"(30.716411, 76.70447)-(30.69405, 76.775803)-R2",76.70447,30.716411,76.775803,30.69405,4.88,10.61,15,Clouds,32.58,10:03,Sunday,0,84
"(30.672919, 76.729826)-(30.741487, 76.781741)-R1",76.729826,30.672919,76.781741,30.741487,4.33,7.75,17,Clouds,32.6,10:03,Sunday,0,44
"(30.672919, 76.729826)-(30.741487, 76.781741)-R2",76.729826,30.672919,76.781741,30.741487,1.59,3.32,15,Clear,25.88,10:03,Sunday,0,57
"(30.672919, 76.729826)-(30.741487, 76.781741)-R3",76.729826,30.672919,76.781741,30.741487,5.27,10.11,46,Clouds,31.94,10:03,Sunday,0,87
"(30.694248, 76.78839)-(30.759037, 76.700975)-R1",76.78839,30.694248,76.700975,30.759037,5.53,9.62,22,Clouds,24.96,12:30,Sunday,0,33
"(30.694248, 76.78839)-(30.759037, 76.700975)-R2",76.78839,30.694248,76.700975,30.759037,5.6,12.57,29,Clouds,28.49,12:30,Sunday,0,19
"(30.694248, 76.78839)-(30.759037, 76.700975)-R3",76.78839,30.694248,76.700975,30.759037,3.17,6.64,94,Clouds,28.71,12:30,Sunday,0,11
"(30.75864, 76.804721)-(30.707428, 76.723322)-R1",76.804721,30.75864,76.723322,30.707428,5.5,10.43,26,Rain,32.92,12:30,Sunday,0,95
"(30.75864, 76.804721)-(30.707428, 76.723322)-R2",76.804721,30.75864,76.723322,30.707428,7.39,12.98,95,Clouds,24.51,12:30,Sunday,0,47
"(30.775293, 76.750489)-(30.680202, 76.714507)-R1",76.750489,30.775293,76.714507,30.680202,3.39,7.32,34,Clear,20.48,15:45,Sunday,1,10
"(30.763224, 76.790559)-(30.758784, 76.80946)-R1",76.790559,30.763224,76.80946,30.758784,4.55,9.21,104,Fog,18.68,15:45,Sunday,0,44
"(30.728985, 76.845967)-(30.711639, 76.782806)-R1",76.845967,30.728985,76.782806,30.711639,1.92,3.7,30,Clear,30.47,15:45,Sunday,0,80
"(30.728985, 76.845967)-(30.711639, 76.782806)-R2",76.845967,30.728985,76.782806,30.711639,2.16,4.24,62,Clouds,30.95,15:45,Sunday,0,57
"(30.728985, 76.845967)-(30.711639, 76.782806)-R3",76.845967,30.728985,76.782806,30.711639,6.27,13.61,39,Clouds,23.57,15:45,Sunday,0,61
"(30.761235, 76.792778)-(30.747503, 76.706874)-R1",76.792778,30.761235,76.706874,30.747503,3.57,8.1,66,Clouds,23.07,18:20,Sunday,1,49
"(30.695069, 76.743408)-(30.678777, 76.734919)-R1",76.743408,30.695069,76.734919,30.678777,7.76,17,112,Rain,33.71,18:20,Sunday,1,7
"(30.695069, 76.743408)-(30.678777, 76.734919)-R2",76.743408,30.695069,76.734919,30.678777,7.12,14.47,23,Rain,27.29,18:20,Sunday,0,16
"(30.68111, 76.741696)-(30.739925, 76.754725)-R1",76.741696,30.68111,76.754725,30.739925,2.91,6.53,28,Rain,19.65,18:20,Sunday,0,29
"(30.71072, 76.731426)-(30.699368, 76.840498)-R1",76.731426,30.71072,76.840498,30.699368,7.51,14.64,60,Clouds,22.24,18:20,Sunday,1,11
"(30.71072, 76.731426)-(30.699368, 76.840498)-R2",76.731426,30.71072,76.840498,30.699368,1.2,2.71,117,Rain,24.04,21:10,Sunday,0,19
"(30.741284, 76.79137)-(30.688825, 76.809369)-R1",76.79137,30.741284,76.809369,30.688825,7.42,14.72,116,Clear,30.7,21:10,Sunday,1,58
"(30.741284, 76.79137)-(30.688825, 76.809369)-R2",76.79137,30.741284,76.809369,30.688825,7.34,12.56,37,Rain,27.88,21:10,Sunday,0,94
"(30.687974, 76.756918)-(30.778848, 76.796)-R1",76.756918,30.687974,76.796,30.778848,1.78,3.33,48,Clear,22.29,21:10,Sunday,0,82
"(30.687974, 76.756918)-(30.778848, 76.796)-R2",76.756918,30.687974,76.796,30.778848,4.2,7.42,73,Clouds,18.3,21:10,Sunday,0,66
"(30.731264, 76.802692)-(30.762714, 76.8164)-R1",76.802692,30.731264,76.8164,30.762714,2.01,3.93,88,Clouds,28.27,8:00,Monday,1,24
"(30.731264, 76.802692)-(30.762714, 76.8164)-R2",76.802692,30.731264,76.8164,30.762714,1.6,3.66,18,Fog,27.79,8:00,Monday,0,65
"(30.731264, 76.802692)-(30.762714, 76.8164)-R3",76.802692,30.731264,76.8164,30.762714,3.73,7.39,91,Clouds,24.72,8:00,Monday,1,96
"(30.695195, 76.704815)-(30.7047, 76.740161)-R1",76.704815,30.695195,76.740161,30.7047,3.41,7.3,90,Clear,28.47,8:00,Monday,1,97
"(30.693208, 76.841436)-(30.7664, 76.747202)-R1",76.841436,30.693208,76.747202,30.7664,3.47,6.6,92,Clear,32.02,8:00,Monday,0,60
"(30.742098, 76.759345)-(30.7706, 76.768828)-R1",76.759345,30.742098,76.768828,30.7706,5.42,11.85,18,Rain,34.98,10:03,Monday,1,5
"(30.742098, 76.759345)-(30.7706, 76.768828)-R2",76.759345,30.742098,76.768828,30.7706,1.31,2.38,15,Clouds,23.58,10:03,Monday,0,51
"(30.699137, 76.736994)-(30.73175, 76.739411)-R1",76.736994,30.699137,76.739411,30.73175,4.31,7.42,92,Clear,24.43,10:03,Monday,1,100
"(30.699137, 76.736994)-(30.73175, 76.739411)-R2",76.736994,30.699137,76.739411,30.73175,5.59,10.42,112,Clouds,34.01,10:03,Monday,0,96
"(30.699137, 76.736994)-(30.73175, 76.739411)-R3",76.736994,30.699137,76.739411,30.73175,7.7,14.66,33,Clouds,26.96,10:03,Monday,0,67
"(30.734304, 76.834673)-(30.713934, 76.732898)-R1",76.834673,30.734304,76.732898,30.713934,6.09,10.64,87,Fog,21.25,12:30,Monday,1,38
"(30.779729, 76.776429)-(30.68, 76.707067)-R1",76.776429,30.779729,76.707067,30.68,3.3,6.2,67,Rain,25.67,12:30,Monday,1,89
"(30.682061, 76.794117)-(30.757129, 76.763324)-R1",76.794117,30.682061,76.763324,30.757129,1.3,2.89,55,Rain,25.83,12:30,Monday,0,82
"(30.682061, 76.794117)-(30.757129, 76.763324)-R2",76.794117,30.682061,76.763324,30.757129,7.64,13.33,91,Clouds,27.24,12:30,Monday,0,96
"(30.676988, 76.757243)-(30.779573, 76.779367)-R1",76.757243,30.676988,76.779367,30.779573,2,4.13,110,Clouds,20.27,12:30,Monday,0,31
"(30.776819, 76.829117)-(30.671263, 76.808108)-R1",76.829117,30.776819,76.808108,30.671263,3.54,8.03,14,Rain,30.22,15:45,Monday,1,48
"(30.776819, 76.829117)-(30.671263, 76.808108)-R2",76.829117,30.776819,76.808108,30.671263,6.34,12.96,77,Clouds,23.66,15:45,Monday,0,36
"(30.744988, 76.780546)-(30.699351, 76.796144)-R1",76.780546,30.744988,76.796144,30.699351,1.18,2.14,76,Clouds,28.11,15:45,Monday,0,34
"(30.682271, 76.765215)-(30.71991, 76.843072)-R1",76.765215,30.682271,76.843072,30.71991,4.12,9.47,46,Rain,35.98,15:45,Monday,1,26
"(30.682271, 76.765215)-(30.71991, 76.843072)-R2",76.765215,30.682271,76.843072,30.71991,6.97,13.74,101,Clouds,19.58,15:45,Monday,0,88
"(30.682271, 76.765215)-(30.71991, 76.843072)-R3",76.765215,30.682271,76.843072,30.71991,7.91,16.62,100,Clear,27.76,18:20,Monday,0,39
"(30.766344, 76.739508)-(30.725064, 76.726798)-R1",76.739508,30.766344,76.726798,30.725064,5.97,12.66,32,Rain,27.16,18:20,Monday,0,16
"(30.766344, 76.739508)-(30.725064, 76.726798)-R2",76.739508,30.766344,76.726798,30.725064,6.54,12.05,73,Clear,27.97,18:20,Monday,0,48
"(30.766344, 76.739508)-(30.725064, 76.726798)-R3",76.739508,30.766344,76.726798,30.725064,7.88,14.01,21,Clear,25.17,18:20,Monday,0,92
"(30.770389, 76.830578)-(30.702829, 76.795842)-R1",76.830578,30.770389,76.795842,30.702829,3.88,7.55,83,Clear,35.5,18:20,Monday,1,83
"(30.770389, 76.830578)-(30.702829, 76.795842)-R2",76.830578,30.770389,76.795842,30.702829,4.26,8.56,26,Fog,32.04,21:10,Monday,0,82
"(30.770389, 76.830578)-(30.702829, 76.795842)-R3",76.830578,30.770389,76.795842,30.702829,6.37,11.32,74,Fog,19,21:10,Monday,0,16
"(30.736987, 76.722926)-(30.753876, 76.780907)-R1",76.722926,30.736987,76.780907,30.753876,2.15,4.07,100,Clear,35.05,21:10,Monday,0,67
"(30.736987, 76.722926)-(30.753876, 76.780907)-R2",76.722926,30.736987,76.780907,30.753876,6.92,12.8,91,Fog,22.94,21:10,Monday,0,81
"(30.755649, 76.779553)-(30.670063, 76.748623)-R1",76.779553,30.755649,76.748623,30.670063,1.65,3.44,85,Fog,20.78,21:10,Monday,1,85
"(30.755649, 76.779553)-(30.670063, 76.748623)-R2",76.779553,30.755649,76.748623,30.670063,7.31,13.91,82,Clear,33.55,8:00,Tuesday,1,11
"(30.755649, 76.779553)-(30.670063, 76.748623)-R3",76.779553,30.755649,76.748623,30.670063,5.49,11.23,93,Clear,28.3,8:00,Tuesday,0,80
"(30.672142, 76.839365)-(30.766659, 76.82475)-R1",76.839365,30.672142,76.82475,30.766659,7.22,14.64,92,Fog,26.69,8:00,Tuesday,1,88
"(30.672142, 76.839365)-(30.766659, 76.82475)-R2",76.839365,30.672142,76.82475,30.766659,4.17,8.81,30,Clouds,26.72,8:00,Tuesday,0,27
"(30.703827, 76.708689)-(30.766581, 76.842042)-R1",76.708689,30.703827,76.842042,30.766581,3.19,6.8,103,Fog,24.22,8:00,Tuesday,1,52
"(30.679422, 76.772899)-(30.677613, 76.81409)-R1",76.772899,30.679422,76.81409,30.677613,4.6,8.11,40,Clouds,22.81,10:03,Tuesday,1,32
"(30.679422, 76.772899)-(30.677613, 76.81409)-R2",76.772899,30.679422,76.81409,30.677613,1.35,3.06,120,Rain,22.47,10:03,Tuesday,0,21
"(30.754242, 76.719259)-(30.722281, 76.782471)-R1",76.719259,30.754242,76.782471,30.722281,6.05,10.97,30,Clouds,27.27,10:03,Tuesday,0,64
"(30.754242, 76.719259)-(30.722281, 76.782471)-R2",76.719259,30.754242,76.782471,30.722281,4.48,7.86,60,Clouds,35.4,10:03,Tuesday,0,28
"(30.754242, 76.719259)-(30.722281, 76.782471)-R3",76.719259,30.754242,76.782471,30.722281,1.34,2.5,86,Fog,29.78,10:03,Tuesday,0,61
"(30.699156, 76.830865)-(30.716545, 76.73177)-R1",76.830865,30.699156,76.73177,30.716545,6.93,13.57,43,Rain,31.75,12:30,Tuesday,1,47
"(30.729323, 76.80949)-(30.692127, 76.746757)-R1",76.80949,30.729323,76.746757,30.692127,4.99,9.07,80,Clouds,24.95,12:30,Tuesday,0,58
"(30.779466, 76.797482)-(30.718191, 76.777636)-R1",76.797482,30.779466,76.777636,30.718191,6.78,14.06,88,Clear,35.55,12:30,Tuesday,1,51
"(30.779466, 76.797482)-(30.718191, 76.777636)-R2",76.797482,30.779466,76.777636,30.718191,7.91,16.09,56,Rain,21.58,12:30,Tuesday,0,66
"(30.68331, 76.733705)-(30.707189, 76.788246)-R1",76.733705,30.68331,76.788246,30.707189,1.32,2.35,52,Rain,27.35,12:30,Tuesday,1,20
"(30.695313, 76.733033)-(30.677809, 76.794665)-R1",76.733033,30.695313,76.794665,30.677809,1.98,4.47,50,Clear,35.83,15:45,Tuesday,0,95
"(30.695313, 76.733033)-(30.677809, 76.794665)-R2",76.733033,30.695313,76.794665,30.677809,5.16,10.34,75,Clouds,30.76,15:45,Tuesday,0,39
"(30.695313, 76.733033)-(30.677809, 76.794665)-R3",76.733033,30.695313,76.794665,30.677809,1.12,2.13,24,Fog,28.51,15:45,Tuesday,0,93
"(30.695184, 76.835813)-(30.76456, 76.710629)-R1",76.835813,30.695184,76.710629,30.76456,1.19,2.36,93,Rain,31.97,15:45,Tuesday,1,74
"(30.695184, 76.835813)-(30.76456, 76.710629)-R2",76.835813,30.695184,76.710629,30.76456,1.36,2.7,77,Rain,29.16,15:45,Tuesday,0,49
"(30.695184, 76.835813)-(30.76456, 76.710629)-R3",76.835813,30.695184,76.710629,30.76456,5.77,9.92,99,Clear,18.34,18:20,Tuesday,0,41
"(30.696181, 76.800347)-(30.693566, 76.719847)-R1",76.800347,30.696181,76.719847,30.693566,5.83,11.35,109,Rain,26.49,18:20,Tuesday,0,95
"(30.696181, 76.800347)-(30.693566, 76.719847)-R2",76.800347,30.696181,76.719847,30.693566,5.94,11.95,81,Clouds,29.92,18:20,Tuesday,0,68
"(30.772907, 76.785656)-(30.721994, 76.817693)-R1",76.785656,30.772907,76.817693,30.721994,4.22,8.52,79,Clouds,31.9,18:20,Tuesday,1,93
"(30.758825, 76.728561)-(30.680662, 76.764658)-R1",76.728561,30.758825,76.764658,30.680662,2.85,5.67,41,Clouds,23.37,18:20,Tuesday,0,39
"(30.758825, 76.728561)-(30.680662, 76.764658)-R2",76.728561,30.758825,76.764658,30.680662,5.93,12.54,72,Clouds,24.28,21:10,Tuesday,0,93
"(30.758825, 76.728561)-(30.680662, 76.764658)-R3",76.728561,30.758825,76.764658,30.680662,1.85,3.9,58,Fog,25.1,21:10,Tuesday,0,45
"(30.716594, 76.770054)-(30.750198, 76.801005)-R1",76.770054,30.716594,76.801005,30.750198,3.03,5.67,101,Clear,34.63,21:10,Tuesday,1,84
"(30.778258, 76.714763)-(30.714288, 76.750895)-R1",76.714763,30.778258,76.750895,30.714288,2.5,5.49,44,Fog,30.53,21:10,Tuesday,1,18
"(30.778258, 76.714763)-(30.714288, 76.750895)-R2",76.714763,30.778258,76.750895,30.714288,6.19,11.41,16,Rain,27.56,21:10,Tuesday,0,82
"(30.764784, 76.737298)-(30.690923, 76.767292)-R1",76.737298,30.764784,76.767292,30.690923,3.89,8.29,22,Rain,20.47,8:00,Wednesday,0,71
"(30.716407, 76.741782)-(30.697479, 76.83849)-R1",76.741782,30.716407,76.83849,30.697479,3.85,8.7,70,Clouds,21.59,8:00,Wednesday,1,37
"(30.718744, 76.829202)-(30.730536, 76.707588)-R1",76.829202,30.718744,76.707588,30.730536,1.41,3.05,93,Clouds,27.63,8:00,Wednesday,0,93
"(30.718744, 76.829202)-(30.730536, 76.707588)-R2",76.829202,30.718744,76.707588,30.730536,1.26,2.84,63,Fog,21.16,8:00,Wednesday,0,5
"(30.718744, 76.829202)-(30.730536, 76.707588)-R3",76.829202,30.718744,76.707588,30.730536,3.78,7.55,105,Fog,34.67,8:00,Wednesday,1,5
"(30.779921, 76.825404)-(30.77659, 76.838955)-R1",76.825404,30.779921,76.838955,30.77659,5.22,11.78,52,Clouds,35.8,10:03,Wednesday,1,70
"(30.779921, 76.825404)-(30.77659, 76.838955)-R2",76.825404,30.779921,76.838955,30.77659,7.22,12.86,74,Clouds,21.47,10:03,Wednesday,0,15
"(30.779921, 76.825404)-(30.77659, 76.838955)-R3",76.825404,30.779921,76.838955,30.77659,6.12,12.78,101,Clear,31.26,10:03,Wednesday,0,38
"(30.763357, 76.724947)-(30.723421, 76.732062)-R1",76.724947,30.763357,76.732062,30.723421,2.23,4.94,61,Rain,27.28,10:03,Wednesday,1,12
"(30.714114, 76.708795)-(30.711687, 76.847796)-R1",76.708795,30.714114,76.847796,30.711687,2.29,4.09,51,Fog,18.12,10:03,Wednesday,1,50
"(30.699172, 76.817611)-(30.720051, 76.763451)-R1",76.817611,30.699172,76.763451,30.720051,7.68,14.45,102,Clouds,22.71,12:30,Wednesday,1,47
"(30.699172, 76.817611)-(30.720051, 76.763451)-R2",76.817611,30.699172,76.763451,30.720051,1.43,2.53,49,Clear,30.35,12:30,Wednesday,0,91
"(30.775305, 76.849313)-(30.731135, 76.807761)-R1",76.849313,30.775305,76.807761,30.731135,1.82,4.09,47,Clouds,21.98,12:30,Wednesday,1,18
"(30.775305, 76.849313)-(30.731135, 76.807761)-R2",76.849313,30.775305,76.807761,30.731135,4.18,9.59,57,Clouds,27.89,12:30,Wednesday,0,61
"(30.775305, 76.849313)-(30.731135, 76.807761)-R3",76.849313,30.775305,76.807761,30.731135,6.61,14.51,107,Clear,31.59,12:30,Wednesday,0,11
"(30.687028, 76.744506)-(30.776558, 76.786877)-R1",76.744506,30.687028,76.786877,30.776558,5.93,10.36,82,Clear,32.92,15:45,Wednesday,1,65
"(30.687028, 76.744506)-(30.776558, 76.786877)-R2",76.744506,30.687028,76.786877,30.776558,4.76,8.56,119,Clouds,20.09,15:45,Wednesday,0,27
"(30.687028, 76.744506)-(30.776558, 76.786877)-R3",76.744506,30.687028,76.786877,30.776558,4.42,9.9,67,Rain,26.16,15:45,Wednesday,0,66
"(30.729641, 76.812196)-(30.676288, 76.787627)-R1",76.812196,30.729641,76.787627,30.676288,1.4,2.77,113,Clouds,18.39,15:45,Wednesday,0,33
"(30.729641, 76.812196)-(30.676288, 76.787627)-R2",76.812196,30.729641,76.787627,30.676288,6.22,12.73,15,Clouds,30.61,15:45,Wednesday,0,70
"(30.729641, 76.812196)-(30.676288, 76.787627)-R3",76.812196,30.729641,76.787627,30.676288,7.54,13.13,70,Clear,25.36,18:20,Wednesday,0,99
"(30.725314, 76.827908)-(30.687318, 76.844117)-R1",76.827908,30.725314,76.844117,30.687318,7.85,16.39,63,Clouds,34.04,18:20,Wednesday,0,58
"(30.725314, 76.827908)-(30.687318, 76.844117)-R2",76.827908,30.725314,76.844117,30.687318,7.35,14.15,97,Fog,33.74,18:20,Wednesday,0,18
"(30.725314, 76.827908)-(30.687318, 76.844117)-R3",76.827908,30.725314,76.844117,30.687318,3.43,6.2,78,Clouds,20.29,18:20,Wednesday,0,29
"(30.678812, 76.727874)-(30.735454, 76.801282)-R1",76.727874,30.678812,76.801282,30.735454,7.85,15.53,102,Clouds,27.57,18:20,Wednesday,1,30
"(30.695872, 76.717983)-(30.767932, 76.736932)-R1",76.717983,30.695872,76.736932,30.767932,2.09,3.79,102,Rain,18.58,21:10,Wednesday,1,85
"(30.695872, 76.717983)-(30.767932, 76.736932)-R2",76.717983,30.695872,76.736932,30.767932,6.36,14.18,12,Clear,19.21,21:10,Wednesday,1,77
"(30.735397, 76.792907)-(30.716115, 76.787551)-R1",76.792907,30.735397,76.787551,30.716115,5.7,12.67,41,Rain,25.24,21:10,Wednesday,1,30
"(30.735397, 76.792907)-(30.716115, 76.787551)-R2",76.792907,30.735397,76.787551,30.716115,6.28,13.6,27,Clouds,23.21,21:10,Wednesday,0,94
"(30.735397, 76.792907)-(30.716115, 76.787551)-R3",76.792907,30.735397,76.787551,30.716115,5.04,10.9,114,Clouds,23.43,21:10,Wednesday,0,19
"(30.727506, 76.840206)-(30.692469, 76.807429)-R1",76.840206,30.727506,76.807429,30.692469,2.55,4.79,17,Clouds,28.65,8:00,Thursday,0,95
"(30.727506, 76.840206)-(30.692469, 76.807429)-R2",76.840206,30.727506,76.807429,30.692469,5.38,10.53,73,Clear,24.2,8:00,Thursday,0,83
"(30.727506, 76.840206)-(30.692469, 76.807429)-R3",76.840206,30.727506,76.807429,30.692469,6.5,12.29,63,Clouds,23.4,8:00,Thursday,0,24
"(30.696255, 76.759368)-(30.743886, 76.745)-R1",76.759368,30.696255,76.745,30.743886,2.69,4.94,119,Rain,32.5,8:00,Thursday,1,8
"(30.696255, 76.759368)-(30.743886, 76.745)-R2",76.759368,30.696255,76.745,30.743886,7.77,15.81,27,Clouds,22.59,8:00,Thursday,0,43
"(30.704779, 76.81278)-(30.67798, 76.768743)-R1",76.81278,30.704779,76.768743,30.67798,6.93,12.17,102,Rain,18.93,10:03,Thursday,1,49
"(30.704779, 76.81278)-(30.67798, 76.768743)-R2",76.81278,30.704779,76.768743,30.67798,5.22,11.61,34,Rain,28.58,10:03,Thursday,0,86
"(30.77983, 76.849414)-(30.678059, 76.731973)-R1",76.849414,30.77983,76.731973,30.678059,2.46,5.52,48,Fog,18.28,10:03,Thursday,0,25
"(30.77983, 76.849414)-(30.678059, 76.731973)-R2",76.849414,30.77983,76.731973,30.678059,1.82,4.19,71,Fog,30.52,10:03,Thursday,0,91
"(30.699172, 76.839989)-(30.766895, 76.831891)-R1",76.839989,30.699172,76.831891,30.766895,4.86,10.52,58,Clouds,29.68,10:03,Thursday,1,40
"(30.710648, 76.723662)-(30.761712, 76.805531)-R1",76.723662,30.710648,76.805531,30.761712,7.18,14.21,112,Fog,26.45,12:30,Thursday,0,41
"(30.710648, 76.723662)-(30.761712, 76.805531)-R2",76.723662,30.710648,76.805531,30.761712,3.59,6.99,82,Fog,31.34,12:30,Thursday,0,3
"(30.710648, 76.723662)-(30.761712, 76.805531)-R3",76.723662,30.710648,76.805531,30.761712,7.54,15.44,63,Clouds,21.53,12:30,Thursday,0,30
"(30.737285, 76.848085)-(30.741937, 76.701173)-R1",76.848085,30.737285,76.701173,30.741937,4.5,9.42,97,Clouds,31.74,12:30,Thursday,0,63
"(30.759881, 76.744907)-(30.742973, 76.84084)-R1",76.744907,30.759881,76.84084,30.742973,6.18,12.21,103,Rain,21.05,12:30,Thursday,1,93
"(30.759881, 76.744907)-(30.742973, 76.84084)-R2",76.744907,30.759881,76.84084,30.742973,2.29,5.11,92,Fog,27.43,15:45,Thursday,0,10
"(30.759881, 76.744907)-(30.742973, 76.84084)-R3",76.744907,30.759881,76.84084,30.742973,5.68,12.26,62,Clear,29.35,15:45,Thursday,0,9
"(30.684772, 76.717314)-(30.681774, 76.782984)-R1",76.717314,30.684772,76.782984,30.681774,2.53,4.99,17,Rain,30,15:45,Thursday,0,79
"(30.699958, 76.790724)-(30.748937, 76.73054)-R1",76.790724,30.699958,76.73054,30.748937,4.41,7.51,80,Clouds,18.3,15:45,Thursday,1,93
"(30.699958, 76.790724)-(30.748937, 76.73054)-R2",76.790724,30.699958,76.73054,30.748937,7.84,13.41,114,Rain,25.75,15:45,Thursday,0,23
"(30.699958, 76.790724)-(30.748937, 76.73054)-R3",76.790724,30.699958,76.73054,30.748937,1.67,2.99,34,Rain,22.54,18:20,Thursday,0,46
"(30.739766, 76.739598)-(30.723739, 76.8358)-R1",76.739598,30.739766,76.8358,30.723739,1.55,3.53,68,Clouds,35.82,18:20,Thursday,1,29
"(30.739766, 76.739598)-(30.723739, 76.8358)-R2",76.739598,30.739766,76.8358,30.723739,6.8,11.89,119,Rain,18.57,18:20,Thursday,0,52
"(30.763071, 76.713845)-(30.716593, 76.741502)-R1",76.713845,30.763071,76.741502,30.716593,4.33,9.02,99,Clear,27,18:20,Thursday,1,56
"(30.763071, 76.713845)-(30.716593, 76.741502)-R2",76.713845,30.763071,76.741502,30.716593,3.32,7.59,22,Fog,34.54,18:20,Thursday,0,30
"(30.763071, 76.713845)-(30.716593, 76.741502)-R3",76.713845,30.763071,76.741502,30.716593,7.08,15.81,70,Clouds,34.63,21:10,Thursday,0,88
"(30.67039, 76.815668)-(30.740082, 76.739293)-R1",76.815668,30.67039,76.739293,30.740082,4.94,8.5,118,Clouds,35.31,21:10,Thursday,1,76
"(30.67039, 76.815668)-(30.740082, 76.739293)-R2",76.815668,30.67039,76.739293,30.740082,6.74,14.78,19,Clouds,28.15,21:10,Thursday,0,73
"(30.67039, 76.815668)-(30.740082, 76.739293)-R3",76.815668,30.67039,76.739293,30.740082,3.72,8.33,52,Clouds,31.32,21:10,Thursday,0,89
"(30.751535, 76.782752)-(30.717046, 76.70145)-R1",76.782752,30.751535,76.70145,30.717046,6.22,11.86,22,Clouds,33.1,21:10,Thursday,1,44
"(30.751535, 76.782752)-(30.717046, 76.70145)-R2",76.782752,30.751535,76.70145,30.717046,5.3,10.9,109,Clouds,29.41,8:00,Friday,0,58
"(30.751535, 76.782752)-(30.717046, 76.70145)-R3",76.782752,30.751535,76.70145,30.717046,3.49,7.9,65,Clear,28.55,8:00,Friday,1,49
"(30.678277, 76.832466)-(30.769432, 76.781839)-R1",76.832466,30.678277,76.781839,30.769432,3.07,5.67,19,Clear,20.78,8:00,Friday,0,92
"(30.678277, 76.832466)-(30.769432, 76.781839)-R2",76.832466,30.678277,76.781839,30.769432,2.08,4.02,56,Clear,18.09,8:00,Friday,0,40
"(30.678277, 76.832466)-(30.769432, 76.781839)-R3",76.832466,30.678277,76.781839,30.769432,6.33,11.15,21,Clear,26.08,8:00,Friday,0,72
"(30.761805, 76.787376)-(30.68629, 76.719117)-R1",76.787376,30.761805,76.719117,30.68629,1.18,2.26,21,Clouds,32.12,10:03,Friday,1,50
"(30.703908, 76.834847)-(30.757573, 76.829105)-R1",76.834847,30.703908,76.829105,30.757573,3.71,6.5,81,Fog,35.61,10:03,Friday,1,74
"(30.703908, 76.834847)-(30.757573, 76.829105)-R2",76.834847,30.703908,76.829105,30.757573,5.8,10.45,44,Clouds,26.88,10:03,Friday,0,9
"(30.768882, 76.731511)-(30.697448, 76.715419)-R1",76.731511,30.768882,76.715419,30.697448,3.95,7.86,19,Clouds,35,10:03,Friday,1,93
"(30.768882, 76.731511)-(30.697448, 76.715419)-R2",76.731511,30.768882,76.715419,30.697448,5.16,9.38,23,Clear,18.12,10:03,Friday,0,51
"(30.755813, 76.83262)-(30.714702, 76.793099)-R1",76.83262,30.755813,76.793099,30.714702,3.66,8.12,66,Clouds,32.68,12:30,Friday,0,84
"(30.755813, 76.83262)-(30.714702, 76.793099)-R2",76.83262,30.755813,76.793099,30.714702,1.95,3.69,98,Clear,23.66,12:30,Friday,0,51
"(30.755813, 76.83262)-(30.714702, 76.793099)-R3",76.83262,30.755813,76.793099,30.714702,3.04,6.44,72,Fog,32.08,12:30,Friday,0,42
"(30.687001, 76.839482)-(30.765107, 76.846431)-R1",76.839482,30.687001,76.846431,30.765107,3.56,8.04,35,Clouds,27.82,12:30,Friday,0,88
"(30.687001, 76.839482)-(30.765107, 76.846431)-R2",76.839482,30.687001,76.846431,30.765107,1.19,2.54,100,Clear,32.36,12:30,Friday,1,89
"(30.759185, 76.832212)-(30.672726, 76.810485)-R1",76.832212,30.759185,76.810485,30.672726,5.71,10.18,48,Clear,29.86,15:45,Friday,1,92
"(30.759185, 76.832212)-(30.672726, 76.810485)-R2",76.832212,30.759185,76.810485,30.672726,3.64,7.17,86,Clouds,25.21,15:45,Friday,0,65
"(30.70654, 76.839622)-(30.758246, 76.82961)-R1",76.839622,30.70654,76.82961,30.758246,3.93,6.77,56,Rain,32.62,15:45,Friday,1,77
"(30.70654, 76.839622)-(30.758246, 76.82961)-R2",76.839622,30.70654,76.82961,30.758246,1.59,3.44,94,Rain,20.99,15:45,Friday,1,79
"(30.70654, 76.839622)-(30.758246, 76.82961)-R3",76.839622,30.70654,76.82961,30.758246,7.89,16.62,61,Fog,23.97,15:45,Friday,0,56
"(30.759182, 76.740021)-(30.756611, 76.716214)-R1",76.740021,30.759182,76.716214,30.756611,2.81,5.64,76,Clouds,30.38,18:20,Friday,1,29
"(30.765938, 76.828789)-(30.694468, 76.822488)-R1",76.828789,30.765938,76.822488,30.694468,4.24,8.94,98,Clouds,24.21,18:20,Friday,1,4
"(30.765938, 76.828789)-(30.694468, 76.822488)-R2",76.828789,30.765938,76.822488,30.694468,3.07,6.91,20,Clear,34.93,18:20,Friday,0,19
"(30.720633, 76.745779)-(30.757488, 76.734139)-R1",76.745779,30.720633,76.734139,30.757488,4.19,7.64,71,Clouds,19.76,18:20,Friday,1,93
"(30.720633, 76.745779)-(30.757488, 76.734139)-R2",76.745779,30.720633,76.734139,30.757488,3.23,6.07,113,Rain,18.41,18:20,Friday,0,44
"(30.672603, 76.728969)-(30.706109, 76.829653)-R1",76.728969,30.672603,76.829653,30.706109,6.6,14.9,104,Clear,21.14,21:10,Friday,1,21
"(30.672603, 76.728969)-(30.706109, 76.829653)-R2",76.728969,30.672603,76.829653,30.706109,3.98,7.87,112,Clouds,21.32,21:10,Friday,0,82
"(30.672603, 76.728969)-(30.706109, 76.829653)-R3",76.728969,30.672603,76.829653,30.706109,3.77,8.08,35,Clouds,25.73,21:10,Friday,0,1
"(30.776358, 76.741869)-(30.740563, 76.759952)-R1",76.741869,30.776358,76.759952,30.740563,2.95,6.26,111,Clear,19.83,21:10,Friday,1,69
"(30.777926, 76.780432)-(30.773316, 76.717301)-R1",76.780432,30.777926,76.717301,30.773316,2.38,4.21,95,Fog,27.5,21:10,Friday,1,82
"(30.777926, 76.780432)-(30.773316, 76.717301)-R2",76.780432,30.777926,76.717301,30.773316,3.72,7.2,24,Clouds,33.22,8:00,Saturday,0,80
"(30.776744, 76.726785)-(30.775879, 76.73982)-R1",76.726785,30.776744,76.73982,30.775879,5.94,11.16,88,Clouds,30.1,8:00,Saturday,1,41
"(30.776744, 76.726785)-(30.775879, 76.73982)-R2",76.726785,30.776744,76.73982,30.775879,3.14,5.68,98,Clear,24.99,8:00,Saturday,0,77
"(30.776744, 76.726785)-(30.775879, 76.73982)-R3",76.726785,30.776744,76.73982,30.775879,3.69,6.68,91,Clouds,34.54,8:00,Saturday,0,23
"(30.681924, 76.765185)-(30.75014, 76.747052)-R1",76.765185,30.681924,76.747052,30.75014,3.02,5.47,117,Clouds,18.97,8:00,Saturday,0,46
"(30.681924, 76.765185)-(30.75014, 76.747052)-R2",76.765185,30.681924,76.747052,30.75014,4.39,7.98,59,Fog,27.1,10:03,Saturday,0,64
"(30.736683, 76.776713)-(30.712371, 76.786488)-R1",76.776713,30.736683,76.786488,30.712371,3.91,8.62,72,Clear,28.18,10:03,Saturday,1,98
"(30.736683, 76.776713)-(30.712371, 76.786488)-R2",76.776713,30.736683,76.786488,30.712371,1.23,2.26,46,Clear,26.23,10:03,Saturday,0,96
"(30.698019, 76.806318)-(30.670186, 76.838836)-R1",76.806318,30.698019,76.838836,30.670186,4.85,8.57,24,Clouds,27.78,10:03,Saturday,1,47
"(30.698019, 76.806318)-(30.670186, 76.838836)-R2",76.806318,30.698019,76.838836,30.670186,6.3,13.58,66,Clouds,35.82,10:03,Saturday,0,14
"(30.72923, 76.807914)-(30.751615, 76.800594)-R1",76.807914,30.72923,76.800594,30.751615,6.26,11.76,14,Clouds,24.27,12:30,Saturday,1,12
"(30.72923, 76.807914)-(30.751615, 76.800594)-R2",76.807914,30.72923,76.800594,30.751615,7.96,17.24,40,Clear,31.28,12:30,Saturday,0,89
"(30.72923, 76.807914)-(30.751615, 76.800594)-R3",76.807914,30.72923,76.800594,30.751615,5.98,12.44,31,Rain,32.13,12:30,Saturday,0,27
"(30.710064, 76.710496)-(30.743066, 76.74953)-R1",76.710496,30.710064,76.74953,30.743066,3.46,6.47,78,Clear,35.62,12:30,Saturday,1,38
"(30.710064, 76.710496)-(30.743066, 76.74953)-R2",76.710496,30.710064,76.74953,30.743066,2.87,6.36,96,Rain,20.44,12:30,Saturday,0,97
"(30.710064, 76.710496)-(30.743066, 76.74953)-R3",76.710496,30.710064,76.74953,30.743066,7.43,17.06,120,Rain,30.63,15:45,Saturday,0,17
"(30.704531, 76.827202)-(30.749173, 76.745048)-R1",76.827202,30.704531,76.745048,30.749173,3.25,6.01,117,Rain,26.81,15:45,Saturday,1,74
"(30.704531, 76.827202)-(30.749173, 76.745048)-R2",76.827202,30.704531,76.745048,30.749173,5.39,10.38,19,Rain,33.84,15:45,Saturday,0,12
"(30.704531, 76.827202)-(30.749173, 76.745048)-R3",76.827202,30.704531,76.745048,30.749173,6.25,13.23,57,Clouds,26.78,15:45,Saturday,1,75
"(30.704021, 76.761259)-(30.714264, 76.744348)-R1",76.761259,30.704021,76.744348,30.714264,1.65,3.77,91,Rain,24.45,15:45,Saturday,0,9
"(30.704021, 76.761259)-(30.714264, 76.744348)-R2",76.761259,30.704021,76.744348,30.714264,3.78,8.62,115,Clear,22.83,18:20,Saturday,0,37
"(30.704021, 76.761259)-(30.714264, 76.744348)-R3",76.761259,30.704021,76.744348,30.714264,5.05,10.3,72,Rain,34.09,18:20,Saturday,1,98
"(30.684002, 76.763067)-(30.77344, 76.801598)-R1",76.763067,30.684002,76.801598,30.77344,5.38,11.85,12,Clear,33.44,18:20,Saturday,1,57
"(30.769309, 76.792327)-(30.703104, 76.782191)-R1",76.792327,30.769309,76.782191,30.703104,2.42,5.11,26,Fog,23.43,18:20,Saturday,1,36
"(30.769309, 76.792327)-(30.703104, 76.782191)-R2",76.792327,30.769309,76.782191,30.703104,3.52,6.16,95,Fog,20.98,18:20,Saturday,0,51
"(30.670045, 76.743037)-(30.717288, 76.786998)-R1",76.743037,30.670045,76.786998,30.717288,5.9,10.86,93,Clear,19.71,21:10,Saturday,1,28
"(30.670045, 76.743037)-(30.717288, 76.786998)-R2",76.743037,30.670045,76.786998,30.717288,1.93,3.54,97,Clouds,18.15,21:10,Saturday,0,44
"(30.670045, 76.743037)-(30.717288, 76.786998)-R3",76.743037,30.670045,76.786998,30.717288,7.92,15.47,26,Clouds,22.12,21:10,Saturday,0,12
"(30.742018, 76.769748)-(30.718638, 76.732055)-R1",76.769748,30.742018,76.732055,30.718638,1.72,3.3,48,Clear,31.92,21:10,Saturday,0,97
"(30.72205, 76.835177)-(30.757563, 76.725454)-R1",76.835177,30.72205,76.725454,30.757563,7.95,14.2,77,Clouds,28.99,21:10,Saturday,1,22
"(30.72205, 76.835177)-(30.757563, 76.725454)-R2",76.835177,30.72205,76.725454,30.757563,6.06,12.59,29,Fog,29.09,8:00,Sunday,0,57
"(30.72205, 76.835177)-(30.757563, 76.725454)-R3",76.835177,30.72205,76.725454,30.757563,1.61,2.83,106,Clear,31.14,8:00,Sunday,0,45
"(30.679328, 76.777318)-(30.739623, 76.750278)-R1",76.777318,30.679328,76.750278,30.739623,6.54,12.09,92,Clear,27.96,8:00,Sunday,0,77
"(30.679328, 76.777318)-(30.739623, 76.750278)-R2",76.777318,30.679328,76.750278,30.739623,2.99,6.77,13,Rain,29.85,8:00,Sunday,0,39
"(30.760027, 76.812671)-(30.744008, 76.733696)-R1",76.812671,30.760027,76.733696,30.744008,4.57,9.82,47,Rain,32.11,8:00,Sunday,1,31
"(30.760027, 76.812671)-(30.744008, 76.733696)-R2",76.812671,30.760027,76.733696,30.744008,1.79,3.58,86,Clear,34,10:03,Sunday,0,2
"(30.760027, 76.812671)-(30.744008, 76.733696)-R3",76.812671,30.760027,76.733696,30.744008,7.54,13.42,120,Rain,25.58,10:03,Sunday,0,70
"(30.691904, 76.703664)-(30.696933, 76.77127)-R1",76.703664,30.691904,76.77127,30.696933,7.68,16.61,12,Clouds,18.25,10:03,Sunday,1,28
"(30.691904, 76.703664)-(30.696933, 76.77127)-R2",76.703664,30.691904,76.77127,30.696933,1.42,3.09,74,Clouds,30.83,10:03,Sunday,0,99
"(30.763471, 76.710924)-(30.715589, 76.794465)-R1",76.710924,30.763471,76.794465,30.715589,3.82,7.96,78,Rain,22.99,10:03,Sunday,1,40
"(30.763471, 76.710924)-(30.715589, 76.794465)-R2",76.710924,30.763471,76.794465,30.715589,7.45,17.02,29,Clouds,25.03,12:30,Sunday,0,82
"(30.763471, 76.710924)-(30.715589, 76.794465)-R3",76.710924,30.763471,76.794465,30.715589,5.55,11.58,49,Rain,31.14,12:30,Sunday,1,31
"(30.691388, 76.804453)-(30.724381, 76.736598)-R1",76.804453,30.691388,76.736598,30.724381,7.47,13.22,88,Rain,23.57,12:30,Sunday,1,95
"(30.742166, 76.700832)-(30.752606, 76.815507)-R1",76.700832,30.742166,76.815507,30.752606,1.84,3.91,99,Clear,26.94,12:30,Sunday,1,45
"(30.681725, 76.763772)-(30.689348, 76.843695)-R1",76.763772,30.681725,76.843695,30.689348,2.81,5.4,105,Rain,22.84,12:30,Sunday,0,16
"(30.681725, 76.763772)-(30.689348, 76.843695)-R2",76.763772,30.681725,76.843695,30.689348,1.21,2.64,44,Clouds,22.73,15:45,Sunday,0,74
"(30.681725, 76.763772)-(30.689348, 76.843695)-R3",76.763772,30.681725,76.843695,30.689348,4.47,8.97,17,Clouds,28.2,15:45,Sunday,0,48
"(30.726975, 76.707533)-(30.697412, 76.82725)-R1",76.707533,30.726975,76.82725,30.697412,7.26,15.28,24,Clear,27.16,15:45,Sunday,0,6
"(30.720211, 76.820212)-(30.743434, 76.848184)-R1",76.820212,30.720211,76.848184,30.743434,2.71,5.37,59,Fog,21.22,15:45,Sunday,1,5
"(30.7355, 76.842506)-(30.768057, 76.791898)-R1",76.842506,30.7355,76.791898,30.768057,6.18,12.06,51,Clear,34.49,15:45,Sunday,1,41
"(30.7355, 76.842506)-(30.768057, 76.791898)-R2",76.842506,30.7355,76.791898,30.768057,1.55,2.98,74,Rain,18.95,18:20,Sunday,0,29
"(30.7355, 76.842506)-(30.768057, 76.791898)-R3",76.842506,30.7355,76.791898,30.768057,7.87,17.88,18,Fog,33.59,18:20,Sunday,0,100
"(30.74912, 76.775717)-(30.761363, 76.782181)-R1",76.775717,30.74912,76.782181,30.761363,1.6,3.16,57,Clear,28.15,18:20,Sunday,0,39
"(30.74912, 76.775717)-(30.761363, 76.782181)-R2",76.775717,30.74912,76.782181,30.761363,2.7,5.19,73,Fog,31.97,18:20,Sunday,0,94
"(30.768693, 76.811548)-(30.722214, 76.738879)-R1",76.811548,30.768693,76.738879,30.722214,2.05,4.63,13,Clear,24.24,18:20,Sunday,0,89
"(30.697196, 76.795649)-(30.75424, 76.778195)-R1",76.795649,30.697196,76.778195,30.75424,1.01,2.12,118,Rain,23.54,21:10,Sunday,1,27
"(30.697196, 76.795649)-(30.75424, 76.778195)-R2",76.795649,30.697196,76.778195,30.75424,2.67,5.33,17,Fog,20.56,21:10,Sunday,1,36
"(30.738942, 76.74119)-(30.678523, 76.742859)-R1",76.74119,30.738942,76.742859,30.678523,7.28,14.65,99,Fog,26.25,21:10,Sunday,1,96
"(30.699889, 76.747956)-(30.729417, 76.720756)-R1",76.747956,30.699889,76.720756,30.729417,4.54,9.45,60,Clear,28.22,21:10,Sunday,1,56
"(30.695439, 76.804092)-(30.747706, 76.709634)-R1",76.804092,30.695439,76.709634,30.747706,2.66,4.94,50,Fog,25.07,21:10,Sunday,1,95
"(30.714836, 76.781392)-(30.715735, 76.731025)-R1",76.781392,30.714836,76.731025,30.715735,2.9,5.06,35,Clear,31.86,8:00,Monday,1,14
"(30.714836, 76.781392)-(30.715735, 76.731025)-R2",76.781392,30.714836,76.731025,30.715735,2.15,4.26,62,Clear,24.45,8:00,Monday,0,99
"(30.716216, 76.835726)-(30.734249, 76.804328)-R1",76.835726,30.716216,76.804328,30.734249,4.24,9.38,21,Clear,30.35,8:00,Monday,1,91
"(30.716216, 76.835726)-(30.734249, 76.804328)-R2",76.835726,30.716216,76.804328,30.734249,1.28,2.82,51,Clear,30.8,8:00,Monday,0,46
"(30.764241, 76.814839)-(30.711842, 76.700884)-R1",76.814839,30.764241,76.700884,30.711842,5.74,10.65,32,Clear,25.28,8:00,Monday,1,58
"(30.708693, 76.813021)-(30.763879, 76.843015)-R1",76.813021,30.708693,76.843015,30.763879,2.75,5.44,112,Rain,20.19,10:03,Monday,0,8
"(30.708693, 76.813021)-(30.763879, 76.843015)-R2",76.813021,30.708693,76.843015,30.763879,7.88,14.01,115,Clouds,30.35,10:03,Monday,1,83
"(30.708693, 76.813021)-(30.763879, 76.843015)-R3",76.813021,30.708693,76.843015,30.763879,5.1,11.48,19,Clear,19.16,10:03,Monday,0,83
"(30.716092, 76.812127)-(30.730075, 76.790488)-R1",76.812127,30.716092,76.790488,30.730075,1.64,3.62,113,Clouds,18.77,10:03,Monday,1,60
"(30.694259, 76.732913)-(30.717942, 76.704354)-R1",76.732913,30.694259,76.704354,30.717942,4.03,8.6,73,Clear,30.3,10:03,Monday,1,23
"(30.694259, 76.732913)-(30.717942, 76.704354)-R2",76.732913,30.694259,76.704354,30.717942,7.36,13.73,67,Fog,18.62,12:30,Monday,0,80
"(30.694259, 76.732913)-(30.717942, 76.704354)-R3",76.732913,30.694259,76.704354,30.717942,5.53,11.06,80,Clouds,19.58,12:30,Monday,0,50
"(30.706974, 76.801871)-(30.714475, 76.724757)-R1",76.801871,30.706974,76.724757,30.714475,5.5,11.98,41,Rain,32.44,12:30,Monday,0,3
"(30.721413, 76.719144)-(30.738448, 76.704045)-R1",76.719144,30.721413,76.704045,30.738448,3.51,7.11,72,Clouds,28.18,12:30,Monday,1,42
"(30.721413, 76.719144)-(30.738448, 76.704045)-R2",76.719144,30.721413,76.704045,30.738448,2.26,4.27,38,Clear,32.59,12:30,Monday,1,36
"(30.721413, 76.719144)-(30.738448, 76.704045)-R3",76.719144,30.721413,76.704045,30.738448,7.94,16.02,108,Clouds,22.19,15:45,Monday,0,21
"(30.713342, 76.784659)-(30.672981, 76.796412)-R1",76.784659,30.713342,76.796412,30.672981,2.69,5.43,111,Fog,19.01,15:45,Monday,1,29
"(30.713342, 76.784659)-(30.672981, 76.796412)-R2",76.784659,30.713342,76.796412,30.672981,7.88,15.23,117,Fog,21.13,15:45,Monday,0,31
"(30.713342, 76.784659)-(30.672981, 76.796412)-R3",76.784659,30.713342,76.796412,30.672981,6.64,14.07,85,Clear,30.61,15:45,Monday,0,73
"(30.684927, 76.769255)-(30.675531, 76.756866)-R1",76.769255,30.684927,76.756866,30.675531,7.64,16.82,113,Fog,26.86,15:45,Monday,1,40
"(30.684927, 76.769255)-(30.675531, 76.756866)-R2",76.769255,30.684927,76.756866,30.675531,1.27,2.2,87,Clear,27.48,18:20,Monday,0,1
"(30.684927, 76.769255)-(30.675531, 76.756866)-R3",76.769255,30.684927,76.756866,30.675531,5.3,11.57,53,Rain,34.54,18:20,Monday,1,42
"(30.693283, 76.749027)-(30.753735, 76.756869)-R1",76.749027,30.693283,76.756869,30.753735,5.11,11.5,109,Clear,27.47,18:20,Monday,0,47
"(30.752721, 76.824789)-(30.69775, 76.712286)-R1",76.824789,30.752721,76.712286,30.69775,5.93,12.44,85,Clear,23.43,18:20,Monday,0,18
"(30.752721, 76.824789)-(30.69775, 76.712286)-R2",76.824789,30.752721,76.712286,30.69775,6.13,12.03,91,Fog,29.69,18:20,Monday,0,23
"(30.672132, 76.780913)-(30.77999, 76.752494)-R1",76.780913,30.672132,76.752494,30.77999,5.85,13.21,110,Clouds,29.98,21:10,Monday,1,23
"(30.672132, 76.780913)-(30.77999, 76.752494)-R2",76.780913,30.672132,76.752494,30.77999,6.14,11.52,32,Rain,35.08,21:10,Monday,0,74
"(30.672132, 76.780913)-(30.77999, 76.752494)-R3",76.780913,30.672132,76.752494,30.77999,7.96,18.14,14,Clear,23.73,21:10,Monday,0,79
"(30.741516, 76.817185)-(30.774457, 76.729904)-R1",76.817185,30.741516,76.729904,30.774457,1.73,3.46,52,Rain,22.28,21:10,Monday,1,41
"(30.741516, 76.817185)-(30.774457, 76.729904)-R2",76.817185,30.741516,76.729904,30.774457,7.2,12.62,100,Rain,31.13,21:10,Monday,0,43
"(30.741516, 76.817185)-(30.774457, 76.729904)-R3",76.817185,30.741516,76.729904,30.774457,2.86,5.29,18,Clouds,32.17,8:00,Tuesday,1,93
"(30.672242, 76.722857)-(30.683884, 76.800419)-R1",76.722857,30.672242,76.800419,30.683884,4.07,7.94,31,Fog,26.88,8:00,Tuesday,1,49
"(30.672242, 76.722857)-(30.683884, 76.800419)-R2",76.722857,30.672242,76.800419,30.683884,3.63,7.98,110,Fog,29.72,8:00,Tuesday,0,88
"(30.732037, 76.732695)-(30.746941, 76.815035)-R1",76.732695,30.732037,76.815035,30.746941,1.52,3.36,47,Clear,22.7,8:00,Tuesday,1,14
"(30.732037, 76.732695)-(30.746941, 76.815035)-R2",76.732695,30.732037,76.815035,30.746941,2.19,4.22,103,Clear,34.95,8:00,Tuesday,0,12
"(30.688457, 76.791087)-(30.752272, 76.71718)-R1",76.791087,30.688457,76.71718,30.752272,7.25,15.39,65,Fog,20.97,10:03,Tuesday,1,56
"(30.688457, 76.791087)-(30.752272, 76.71718)-R2",76.791087,30.688457,76.71718,30.752272,1.71,3.12,34,Clouds,27.97,10:03,Tuesday,0,94
"(30.688457, 76.791087)-(30.752272, 76.71718)-R3",76.791087,30.688457,76.71718,30.752272,5.62,10.56,22,Clear,28.29,10:03,Tuesday,0,63
"(30.760123, 76.844708)-(30.681891, 76.703852)-R1",76.844708,30.760123,76.703852,30.681891,1.03,1.81,115,Rain,28.8,10:03,Tuesday,1,26
"(30.760123, 76.844708)-(30.681891, 76.703852)-R2",76.844708,30.760123,76.703852,30.681891,2.45,5.1,20,Clouds,20.08,10:03,Tuesday,0,51
"(30.704315, 76.801602)-(30.775399, 76.759498)-R1",76.801602,30.704315,76.759498,30.775399,2.86,5.96,59,Clear,33.94,12:30,Tuesday,1,48
"(30.704315, 76.801602)-(30.775399, 76.759498)-R2",76.801602,30.704315,76.759498,30.775399,1.31,2.57,43,Clear,22.83,12:30,Tuesday,0,8
"(30.704315, 76.801602)-(30.775399, 76.759498)-R3",76.801602,30.704315,76.759498,30.775399,5.88,10.34,95,Clouds,27.75,12:30,Tuesday,0,97
"(30.748652, 76.711399)-(30.745968, 76.794086)-R1",76.711399,30.748652,76.794086,30.745968,1.43,2.76,76,Clouds,27.64,12:30,Tuesday,1,61
"(30.748652, 76.711399)-(30.745968, 76.794086)-R2",76.711399,30.748652,76.794086,30.745968,2.65,4.98,60,Fog,30.86,12:30,Tuesday,0,65
"(30.748652, 76.711399)-(30.745968, 76.794086)-R3",76.711399,30.748652,76.794086,30.745968,4.62,9.44,89,Clear,35.09,15:45,Tuesday,0,58
"(30.681209, 76.815872)-(30.763532, 76.790062)-R1",76.815872,30.681209,76.790062,30.763532,7.81,17.07,26,Clear,19.41,15:45,Tuesday,1,88
"(30.683316, 76.847577)-(30.75609, 76.752081)-R1",76.847577,30.683316,76.752081,30.75609,2.04,4.2,50,Fog,34.46,15:45,Tuesday,1,9
"(30.683316, 76.847577)-(30.75609, 76.752081)-R2",76.847577,30.683316,76.752081,30.75609,4.89,9.93,119,Clouds,26.25,15:45,Tuesday,0,2
"(30.683316, 76.847577)-(30.75609, 76.752081)-R3",76.847577,30.683316,76.752081,30.75609,5.36,10.79,63,Clear,20.69,15:45,Tuesday,0,73
"(30.717122, 76.755586)-(30.763453, 76.82335)-R1",76.755586,30.717122,76.82335,30.763453,7.47,15.22,22,Rain,33.61,18:20,Tuesday,0,45
"(30.681609, 76.844118)-(30.739914, 76.824306)-R1",76.844118,30.681609,76.824306,30.739914,3.68,7.33,87,Clouds,21.1,18:20,Tuesday,1,52
"(30.681609, 76.844118)-(30.739914, 76.824306)-R2",76.844118,30.681609,76.824306,30.739914,5.26,11.13,14,Clouds,33.82,18:20,Tuesday,0,89
"(30.747804, 76.765323)-(30.750717, 76.844821)-R1",76.765323,30.747804,76.844821,30.750717,4.33,8.06,57,Clear,32.71,18:20,Tuesday,1,39
"(30.747804, 76.765323)-(30.750717, 76.844821)-R2",76.765323,30.747804,76.844821,30.750717,6.9,15.28,97,Clear,33.64,18:20,Tuesday,0,18
"(30.747804, 76.765323)-(30.750717, 76.844821)-R3",76.765323,30.747804,76.844821,30.750717,6.21,13.44,51,Clouds,25.5,21:10,Tuesday,1,83
"(30.699709, 76.82123)-(30.729199, 76.772525)-R1",76.82123,30.699709,76.772525,30.729199,2.48,5.44,104,Clouds,27.3,21:10,Tuesday,0,48
"(30.699709, 76.82123)-(30.729199, 76.772525)-R2",76.82123,30.699709,76.772525,30.729199,4.61,8.28,49,Rain,25.26,21:10,Tuesday,0,100
"(30.717913, 76.809654)-(30.699524, 76.827757)-R1",76.809654,30.717913,76.827757,30.699524,1.2,2.18,116,Clear,19.04,21:10,Tuesday,1,5
"(30.717913, 76.809654)-(30.699524, 76.827757)-R2",76.809654,30.717913,76.827757,30.699524,7.43,15.77,45,Clouds,26.36,21:10,Tuesday,0,51
"(30.717913, 76.809654)-(30.699524, 76.827757)-R3",76.809654,30.717913,76.827757,30.699524,1.87,3.21,57,Clouds,26.03,8:00,Wednesday,0,61
"(30.76138, 76.712999)-(30.766979, 76.73658)-R1",76.712999,30.76138,76.73658,30.766979,3.41,7.51,43,Rain,30.4,8:00,Wednesday,1,37
"(30.76138, 76.712999)-(30.766979, 76.73658)-R2",76.712999,30.76138,76.73658,30.766979,1.35,2.99,109,Fog,33.43,8:00,Wednesday,0,83
"(30.721118, 76.79155)-(30.711689, 76.704305)-R1",76.79155,30.721118,76.704305,30.711689,2.88,5.6,12,Fog,35.41,8:00,Wednesday,1,88
"(30.763605, 76.727276)-(30.693333, 76.819675)-R1",76.727276,30.763605,76.819675,30.693333,5.53,11.4,11,Clear,28.95,8:00,Wednesday,0,40
"(30.707437, 76.832048)-(30.74713, 76.74144)-R1",76.832048,30.707437,76.74144,30.74713,5.5,10.75,58,Fog,26.26,10:03,Wednesday,1,28
"(30.707437, 76.832048)-(30.74713, 76.74144)-R2",76.832048,30.707437,76.74144,30.74713,5.74,12.6,60,Clouds,18.13,10:03,Wednesday,0,85
"(30.707437, 76.832048)-(30.74713, 76.74144)-R3",76.832048,30.707437,76.74144,30.74713,6.88,14.01,86,Rain,23.37,10:03,Wednesday,0,14
"(30.671117, 76.842209)-(30.679417, 76.808011)-R1",76.842209,30.671117,76.808011,30.679417,7.92,16.51,120,Clouds,29.81,10:03,Wednesday,1,84
"(30.671117, 76.842209)-(30.679417, 76.808011)-R2",76.842209,30.671117,76.808011,30.679417,2.05,4.43,17,Rain,32.44,10:03,Wednesday,0,77
"(30.723744, 76.813725)-(30.745967, 76.796885)-R1",76.813725,30.723744,76.796885,30.745967,5.77,12.31,93,Clouds,23.32,12:30,Wednesday,1,54
"(30.723744, 76.813725)-(30.745967, 76.796885)-R2",76.813725,30.723744,76.796885,30.745967,6.16,12.63,83,Rain,24.18,12:30,Wednesday,0,92
"(30.72399, 76.81894)-(30.680236, 76.733239)-R1",76.81894,30.72399,76.733239,30.680236,5.47,10.86,95,Clouds,23.4,12:30,Wednesday,0,22
"(30.72399, 76.81894)-(30.680236, 76.733239)-R2",76.81894,30.72399,76.733239,30.680236,7.14,12.91,22,Clouds,31.34,12:30,Wednesday,0,93
"(30.72399, 76.81894)-(30.680236, 76.733239)-R3",76.81894,30.72399,76.733239,30.680236,6.34,11.47,97,Fog,29.78,12:30,Wednesday,0,29
"(30.746097, 76.745931)-(30.733971, 76.770989)-R1",76.745931,30.746097,76.770989,30.733971,7.1,13.86,52,Clouds,28.54,15:45,Wednesday,0,60
"(30.746097, 76.745931)-(30.733971, 76.770989)-R2",76.745931,30.746097,76.770989,30.733971,4.29,9.52,84,Clouds,29.17,15:45,Wednesday,0,61
"(30.746097, 76.745931)-(30.733971, 76.770989)-R3",76.745931,30.746097,76.770989,30.733971,4.5,9.99,58,Clouds,25.44,15:45,Wednesday,0,20
"(30.728401, 76.763826)-(30.752053, 76.749619)-R1",76.763826,30.728401,76.749619,30.752053,3.4,7.79,68,Clear,33.52,15:45,Wednesday,0,24
"(30.747314, 76.740637)-(30.697654, 76.718098)-R1",76.740637,30.747314,76.718098,30.697654,3.33,7.63,50,Rain,18.08,15:45,Wednesday,1,36
"(30.747314, 76.740637)-(30.697654, 76.718098)-R2",76.740637,30.747314,76.718098,30.697654,6.41,13.11,30,Clouds,31.74,18:20,Wednesday,0,12
"(30.691184, 76.717933)-(30.728945, 76.814328)-R1",76.717933,30.691184,76.814328,30.728945,5.43,10.55,71,Clouds,18.68,18:20,Wednesday,0,26
"(30.691184, 76.717933)-(30.728945, 76.814328)-R2",76.717933,30.691184,76.814328,30.728945,7.65,17.1,106,Rain,21.43,18:20,Wednesday,1,87
"(30.690366, 76.732458)-(30.723262, 76.808688)-R1",76.732458,30.690366,76.808688,30.723262,2.74,5.8,54,Clouds,19.85,18:20,Wednesday,1,65
"(30.690366, 76.732458)-(30.723262, 76.808688)-R2",76.732458,30.690366,76.808688,30.723262,2.17,4.76,48,Fog,26.21,18:20,Wednesday,0,67
"(30.690366, 76.732458)-(30.723262, 76.808688)-R3",76.732458,30.690366,76.808688,30.723262,3.36,7.5,27,Clouds,34.22,21:10,Wednesday,0,46
"(30.777427, 76.778696)-(30.70113, 76.715079)-R1",76.778696,30.777427,76.715079,30.70113,7.64,17.2,61,Clear,22.04,21:10,Wednesday,1,17
"(30.691353, 76.734122)-(30.689739, 76.702122)-R1",76.734122,30.691353,76.702122,30.689739,5.13,9.24,56,Rain,32.26,21:10,Wednesday,0,49
"(30.728755, 76.741147)-(30.777172, 76.783004)-R1",76.741147,30.728755,76.783004,30.777172,6.4,13.27,86,Fog,29.92,21:10,Wednesday,0,84
"(30.728755, 76.741147)-(30.777172, 76.783004)-R2",76.741147,30.728755,76.783004,30.777172,1.34,2.37,66,Clouds,27.85,21:10,Wednesday,0,61
"(30.746716, 76.718942)-(30.765531, 76.773632)-R1",76.718942,30.746716,76.773632,30.765531,5.87,12.2,48,Clouds,19.82,8:00,Thursday,1,67
"(30.765999, 76.78611)-(30.721634, 76.76607)-R1",76.78611,30.765999,76.76607,30.721634,5.91,11.53,23,Clouds,29.12,8:00,Thursday,1,37
"(30.765999, 76.78611)-(30.721634, 76.76607)-R2",76.78611,30.765999,76.76607,30.721634,1.74,3.17,35,Rain,32.97,8:00,Thursday,0,26
"(30.765999, 76.78611)-(30.721634, 76.76607)-R3",76.78611,30.765999,76.76607,30.721634,3.87,6.95,80,Clouds,21.74,8:00,Thursday,0,62
"(30.69028, 76.707707)-(30.773517, 76.771659)-R1",76.707707,30.69028,76.771659,30.773517,1.09,1.91,24,Rain,30.04,8:00,Thursday,0,20
"(30.760433, 76.760106)-(30.678149, 76.794417)-R1",76.760106,30.760433,76.794417,30.678149,1.53,3.27,42,Rain,26.22,10:03,Thursday,1,38
"(30.760433, 76.760106)-(30.678149, 76.794417)-R2",76.760106,30.760433,76.794417,30.678149,1.35,2.95,15,Fog,24.48,10:03,Thursday,0,87
"(30.760433, 76.760106)-(30.678149, 76.794417)-R3",76.760106,30.760433,76.794417,30.678149,6.17,10.84,107,Fog,18.17,10:03,Thursday,0,18
"(30.675897, 76.72238)-(30.731912, 76.745575)-R1",76.72238,30.675897,76.745575,30.731912,3.3,7.38,89,Clouds,31.2,10:03,Thursday,0,48
"(30.779331, 76.717768)-(30.754089, 76.790948)-R1",76.717768,30.779331,76.790948,30.754089,1.8,3.49,68,Clouds,24.94,10:03,Thursday,0,62
"(30.756981, 76.733853)-(30.727483, 76.767577)-R1",76.733853,30.756981,76.767577,30.727483,7.2,12.96,26,Rain,19.06,12:30,Thursday,1,21
"(30.756981, 76.733853)-(30.727483, 76.767577)-R2",76.733853,30.756981,76.767577,30.727483,7.38,14.68,82,Rain,21.26,12:30,Thursday,0,49
"(30.756981, 76.733853)-(30.727483, 76.767577)-R3",76.733853,30.756981,76.767577,30.727483,5.28,11.71,117,Rain,34.05,12:30,Thursday,0,62
"(30.718699, 76.829025)-(30.778903, 76.745807)-R1",76.829025,30.718699,76.745807,30.778903,7.21,14.16,18,Clouds,23.66,12:30,Thursday,0,91
"(30.738313, 76.791445)-(30.75141, 76.842139)-R1",76.791445,30.738313,76.842139,30.75141,6.37,13.03,82,Clear,35.2,12:30,Thursday,1,44
"(30.738313, 76.791445)-(30.75141, 76.842139)-R2",76.791445,30.738313,76.842139,30.75141,5.82,12.05,65,Rain,22.47,15:45,Thursday,0,45
"(30.738313, 76.791445)-(30.75141, 76.842139)-R3",76.791445,30.738313,76.842139,30.75141,5.49,9.82,115,Clouds,35.78,15:45,Thursday,1,7
"(30.692857, 76.731654)-(30.742647, 76.723559)-R1",76.731654,30.692857,76.723559,30.742647,4.54,9,73,Fog,19.35,15:45,Thursday,1,63
"(30.689119, 76.71126)-(30.670294, 76.767576)-R1",76.71126,30.689119,76.767576,30.670294,7.79,13.48,38,Clouds,24.82,15:45,Thursday,1,31
"(30.689119, 76.71126)-(30.670294, 76.767576)-R2",76.71126,30.689119,76.767576,30.670294,4.11,8.4,21,Fog,26.05,15:45,Thursday,0,16
"(30.735319, 76.743689)-(30.695462, 76.806043)-R1",76.743689,30.735319,76.806043,30.695462,5.57,9.81,62,Clear,27.88,18:20,Thursday,0,12
"(30.735319, 76.743689)-(30.695462, 76.806043)-R2",76.743689,30.735319,76.806043,30.695462,7.74,16.12,75,Clouds,29.78,18:20,Thursday,0,59
"(30.735319, 76.743689)-(30.695462, 76.806043)-R3",76.743689,30.735319,76.806043,30.695462,3.54,6.13,38,Rain,23.98,18:20,Thursday,0,99
"(30.747329, 76.768105)-(30.745612, 76.838587)-R1",76.768105,30.747329,76.838587,30.745612,6.02,11.55,67,Clear,31.67,18:20,Thursday,1,29
"(30.747329, 76.768105)-(30.745612, 76.838587)-R2",76.768105,30.747329,76.838587,30.745612,3.49,7.26,112,Clouds,27.4,18:20,Thursday,0,90
"(30.756661, 76.793759)-(30.74273, 76.84005)-R1",76.793759,30.756661,76.84005,30.74273,4.45,9.76,105,Rain,19.93,21:10,Thursday,1,79
"(30.716765, 76.781684)-(30.74124, 76.836262)-R1",76.781684,30.716765,76.836262,30.74124,7.51,14.54,68,Rain,21.43,21:10,Thursday,1,44
"(30.760929, 76.710711)-(30.688252, 76.746142)-R1",76.710711,30.760929,76.746142,30.688252,1.33,2.77,96,Clouds,31.9,21:10,Thursday,1,58
"(30.760929, 76.710711)-(30.688252, 76.746142)-R2",76.710711,30.760929,76.746142,30.688252,5.13,10.27,73,Clear,31.25,21:10,Thursday,0,71
"(30.752385, 76.785381)-(30.701747, 76.718653)-R1",76.785381,30.752385,76.718653,30.701747,4.38,8.78,32,Rain,21.13,21:10,Thursday,1,17
"(30.752385, 76.785381)-(30.701747, 76.718653)-R2",76.785381,30.752385,76.718653,30.701747,5.6,11.56,51,Clouds,24.92,8:00,Friday,0,78
"(30.752385, 76.785381)-(30.701747, 76.718653)-R3",76.785381,30.752385,76.718653,30.701747,6.34,11.82,53,Fog,26.15,8:00,Friday,0,18
"(30.745755, 76.80496)-(30.773694, 76.775071)-R1",76.80496,30.745755,76.775071,30.773694,5.9,12.68,48,Rain,27.86,8:00,Friday,0,41
"(30.745755, 76.80496)-(30.773694, 76.775071)-R2",76.80496,30.745755,76.775071,30.773694,7.55,15.7,35,Clear,30.86,8:00,Friday,0,88
"(30.745755, 76.80496)-(30.773694, 76.775071)-R3",76.80496,30.745755,76.775071,30.773694,5.71,13.07,93,Fog,21.2,8:00,Friday,0,70
"(30.724317, 76.712066)-(30.674385, 76.764804)-R1",76.712066,30.724317,76.764804,30.674385,5.97,12.87,81,Clouds,28.27,10:03,Friday,0,86
"(30.724317, 76.712066)-(30.674385, 76.764804)-R2",76.712066,30.724317,76.764804,30.674385,5.72,12.79,78,Clouds,33.25,10:03,Friday,0,2
"(30.705455, 76.737555)-(30.680046, 76.844287)-R1",76.737555,30.705455,76.844287,30.680046,3.67,6.36,17,Clear,31.5,10:03,Friday,0,21
"(30.761955, 76.78628)-(30.774586, 76.849936)-R1",76.78628,30.761955,76.849936,30.774586,2.75,6.06,98,Rain,21.67,10:03,Friday,1,70
"(30.761955, 76.78628)-(30.774586, 76.849936)-R2",76.78628,30.761955,76.849936,30.774586,6.7,11.8,96,Rain,33.57,10:03,Friday,0,96
"(30.761955, 76.78628)-(30.774586, 76.849936)-R3",76.78628,30.761955,76.849936,30.774586,3.72,7.46,111,Rain,23.18,12:30,Friday,1,86
"(30.743951, 76.740427)-(30.674425, 76.81344)-R1",76.740427,30.743951,76.81344,30.674425,3.71,8.44,97,Clouds,27.94,12:30,Friday,0,2
"(30.743951, 76.740427)-(30.674425, 76.81344)-R2",76.740427,30.743951,76.81344,30.674425,2.42,5.38,120,Fog,32.94,12:30,Friday,0,82
"(30.721755, 76.797726)-(30.770768, 76.727223)-R1",76.797726,30.721755,76.727223,30.770768,3.57,7.33,104,Rain,31.97,12:30,Friday,1,25
"(30.721755, 76.797726)-(30.770768, 76.727223)-R2",76.797726,30.721755,76.727223,30.770768,2.24,4.73,33,Fog,31.23,12:30,Friday,0,16
"(30.721755, 76.797726)-(30.770768, 76.727223)-R3",76.797726,30.721755,76.727223,30.770768,4,8.14,26,Clear,33.23,15:45,Friday,0,1
"(30.734386, 76.795218)-(30.72409, 76.713686)-R1",76.795218,30.734386,76.713686,30.72409,7.56,13.03,51,Clouds,31.93,15:45,Friday,1,81
"(30.734386, 76.795218)-(30.72409, 76.713686)-R2",76.795218,30.734386,76.713686,30.72409,5.63,11.23,83,Clouds,19.31,15:45,Friday,0,91
"(30.734386, 76.795218)-(30.72409, 76.713686)-R3",76.795218,30.734386,76.713686,30.72409,2.54,4.6,18,Rain,20.87,15:45,Friday,0,70
"(30.708276, 76.749996)-(30.743715, 76.82866)-R1",76.749996,30.708276,76.82866,30.743715,3.45,7.69,94,Clouds,24.49,15:45,Friday,0,28
"(30.706278, 76.804051)-(30.701704, 76.841779)-R1",76.804051,30.706278,76.841779,30.701704,4.71,10.82,115,Rain,29.69,18:20,Friday,1,15
"(30.706278, 76.804051)-(30.701704, 76.841779)-R2",76.804051,30.706278,76.841779,30.701704,4.12,9.24,88,Fog,22.39,18:20,Friday,0,6
"(30.706278, 76.804051)-(30.701704, 76.841779)-R3",76.804051,30.706278,76.841779,30.701704,3.25,7.31,24,Clouds,27.72,18:20,Friday,1,37
"(30.759492, 76.782514)-(30.720031, 76.747178)-R1",76.782514,30.759492,76.747178,30.720031,6.75,12.99,112,Clouds,26.76,18:20,Friday,0,38
"(30.759492, 76.782514)-(30.720031, 76.747178)-R2",76.782514,30.759492,76.747178,30.720031,2.35,4.72,22,Clear,35.21,18:20,Friday,0,69
"(30.759492, 76.782514)-(30.720031, 76.747178)-R3",76.782514,30.759492,76.747178,30.720031,5.39,9.84,90,Rain,33.57,21:10,Friday,0,55
"(30.70556, 76.845528)-(30.714459, 76.777189)-R1",76.845528,30.70556,76.777189,30.714459,4.76,10.1,104,Rain,29.64,21:10,Friday,0,10
"(30.778693, 76.798649)-(30.729685, 76.761987)-R1",76.798649,30.778693,76.761987,30.729685,1.17,2.49,14,Clear,18.98,21:10,Friday,1,33
"(30.690634, 76.754267)-(30.753209, 76.793811)-R1",76.754267,30.690634,76.793811,30.753209,6.75,15.16,62,Clouds,29.34,21:10,Friday,1,56
"(30.690634, 76.754267)-(30.753209, 76.793811)-R2",76.754267,30.690634,76.793811,30.753209,3.73,6.61,10,Rain,29.13,21:10,Friday,0,97
"(30.690634, 76.754267)-(30.753209, 76.793811)-R3",76.754267,30.690634,76.793811,30.753209,1.32,2.92,55,Fog,19.91,8:00,Saturday,0,88
"(30.753599, 76.730534)-(30.730414, 76.839151)-R1",76.730534,30.753599,76.839151,30.730414,2.97,6.7,58,Clouds,29.89,8:00,Saturday,1,61
"(30.718193, 76.804738)-(30.683357, 76.845972)-R1",76.804738,30.718193,76.845972,30.683357,1.95,3.77,112,Rain,23.31,8:00,Saturday,1,82
"(30.736976, 76.735895)-(30.687422, 76.782626)-R1",76.735895,30.736976,76.782626,30.687422,7.21,16.43,120,Rain,24.72,8:00,Saturday,1,2
"(30.736976, 76.735895)-(30.687422, 76.782626)-R2",76.735895,30.736976,76.782626,30.687422,4.89,8.67,10,Clouds,25.09,8:00,Saturday,0,71
"(30.736976, 76.735895)-(30.687422, 76.782626)-R3",76.735895,30.736976,76.782626,30.687422,3.13,6.73,102,Clouds,25.43,10:03,Saturday,0,83
"(30.730748, 76.713981)-(30.779148, 76.836939)-R1",76.713981,30.730748,76.836939,30.779148,2.13,3.9,116,Clouds,20.06,10:03,Saturday,0,86
"(30.720759, 76.71762)-(30.761536, 76.774756)-R1",76.71762,30.720759,76.774756,30.761536,6.96,15.73,80,Clouds,27.89,10:03,Saturday,1,38
"(30.748826, 76.776331)-(30.700077, 76.825209)-R1",76.776331,30.748826,76.825209,30.700077,1.69,3.61,72,Fog,24.43,10:03,Saturday,1,86
"(30.748826, 76.776331)-(30.700077, 76.825209)-R2",76.776331,30.748826,76.825209,30.700077,1.7,3.52,34,Clouds,26.11,10:03,Saturday,0,79
"(30.777827, 76.73656)-(30.730639, 76.757538)-R1",76.73656,30.777827,76.757538,30.730639,5.09,10.38,56,Rain,35.26,12:30,Saturday,1,22
"(30.777827, 76.73656)-(30.730639, 76.757538)-R2",76.73656,30.777827,76.757538,30.730639,2.72,4.99,104,Rain,22.98,12:30,Saturday,0,47
"(30.777827, 76.73656)-(30.730639, 76.757538)-R3",76.73656,30.777827,76.757538,30.730639,6.13,13.65,69,Clouds,31.95,12:30,Saturday,0,63
"(30.771405, 76.776236)-(30.766726, 76.829604)-R1",76.776236,30.771405,76.829604,30.766726,5.52,9.66,45,Fog,20.52,12:30,Saturday,1,69
"(30.700387, 76.818501)-(30.715644, 76.840137)-R1",76.818501,30.700387,76.840137,30.715644,7.2,12.57,19,Fog,33.29,12:30,Saturday,1,81
"(30.700387, 76.818501)-(30.715644, 76.840137)-R2",76.818501,30.700387,76.840137,30.715644,5.07,9.85,85,Clear,18.66,15:45,Saturday,0,34
"(30.700387, 76.818501)-(30.715644, 76.840137)-R3",76.818501,30.700387,76.840137,30.715644,7.99,15.85,109,Clear,25.06,15:45,Saturday,0,99
"(30.725851, 76.823082)-(30.701112, 76.744783)-R1",76.823082,30.725851,76.744783,30.701112,1.94,3.88,21,Clouds,27.04,15:45,Saturday,1,85
"(30.725851, 76.823082)-(30.701112, 76.744783)-R2",76.823082,30.725851,76.744783,30.701112,7.75,17.74,97,Clear,27.25,15:45,Saturday,0,58
"(30.734563, 76.849835)-(30.72386, 76.722289)-R1",76.849835,30.734563,76.722289,30.72386,7.64,16.01,28,Rain,26.7,15:45,Saturday,1,46
"(30.734563, 76.849835)-(30.72386, 76.722289)-R2",76.849835,30.734563,76.722289,30.72386,6.33,11.64,43,Clouds,18.77,18:20,Saturday,0,27
"(30.734563, 76.849835)-(30.72386, 76.722289)-R3",76.849835,30.734563,76.722289,30.72386,6.54,12.64,68,Fog,18.72,18:20,Saturday,0,84
"(30.729244, 76.751769)-(30.730711, 76.781515)-R1",76.751769,30.729244,76.781515,30.730711,7.78,16.18,45,Rain,22.74,18:20,Saturday,1,70
"(30.729244, 76.751769)-(30.730711, 76.781515)-R2",76.751769,30.729244,76.781515,30.730711,3.64,7.01,85,Rain,33.04,18:20,Saturday,0,67
"(30.729244, 76.751769)-(30.730711, 76.781515)-R3",76.751769,30.729244,76.781515,30.730711,7.81,14.32,61,Clouds,33.62,18:20,Saturday,0,63
"(30.720088, 76.748267)-(30.690752, 76.804625)-R1",76.748267,30.720088,76.804625,30.690752,1.05,2.34,66,Clear,19.39,21:10,Saturday,1,83
"(30.720088, 76.748267)-(30.690752, 76.804625)-R2",76.748267,30.720088,76.804625,30.690752,2.05,3.68,87,Rain,20.13,21:10,Saturday,0,30
"(30.720088, 76.748267)-(30.690752, 76.804625)-R3",76.748267,30.720088,76.804625,30.690752,3.31,5.85,96,Clouds,21.79,21:10,Saturday,0,21
"(30.732898, 76.735034)-(30.75531, 76.706547)-R1",76.735034,30.732898,76.706547,30.75531,1.16,2,83,Clouds,20.43,21:10,Saturday,1,66
"(30.732898, 76.735034)-(30.75531, 76.706547)-R2",76.735034,30.732898,76.706547,30.75531,5.01,8.69,43,Fog,27.3,21:10,Saturday,0,52
"(30.751918, 76.805784)-(30.759255, 76.757912)-R1",76.805784,30.751918,76.757912,30.759255,5.46,12.16,103,Rain,23.1,8:00,Sunday,1,11
"(30.751918, 76.805784)-(30.759255, 76.757912)-R2",76.805784,30.751918,76.757912,30.759255,5.25,10.41,71,Clear,32.95,8:00,Sunday,0,77
"(30.751918, 76.805784)-(30.759255, 76.757912)-R3",76.805784,30.751918,76.757912,30.759255,5.08,10.98,89,Rain,22.76,8:00,Sunday,0,93
"(30.743006, 76.823112)-(30.77789, 76.774299)-R1",76.823112,30.743006,76.774299,30.77789,5.18,9.02,58,Clouds,19.95,8:00,Sunday,1,26
"(30.743006, 76.823112)-(30.77789, 76.774299)-R2",76.823112,30.743006,76.774299,30.77789,7.37,15.56,115,Clear,19.73,8:00,Sunday,0,61
"(30.674072, 76.775344)-(30.73492, 76.830455)-R1",76.775344,30.674072,76.830455,30.73492,1.27,2.76,74,Rain,19.68,10:03,Sunday,1,85
"(30.674072, 76.775344)-(30.73492, 76.830455)-R2",76.775344,30.674072,76.830455,30.73492,5.22,11.47,109,Rain,25.77,10:03,Sunday,0,54
"(30.674072, 76.775344)-(30.73492, 76.830455)-R3",76.775344,30.674072,76.830455,30.73492,1.3,2.62,39,Fog,26.68,10:03,Sunday,0,99
"(30.766161, 76.766046)-(30.727855, 76.768539)-R1",76.766046,30.766161,76.768539,30.727855,6.63,14.88,117,Rain,19.76,10:03,Sunday,1,18
"(30.766161, 76.766046)-(30.727855, 76.768539)-R2",76.766046,30.766161,76.768539,30.727855,6.36,14.28,20,Clouds,33.78,10:03,Sunday,0,53
"(30.766161, 76.766046)-(30.727855, 76.768539)-R3",76.766046,30.766161,76.768539,30.727855,1.04,2.23,10,Clouds,20.12,12:30,Sunday,0,1
"(30.749469, 76.761497)-(30.742026, 76.723154)-R1",76.761497,30.749469,76.723154,30.742026,5.81,10.98,56,Clear,25.67,12:30,Sunday,1,75
"(30.721644, 76.845381)-(30.707242, 76.803906)-R1",76.845381,30.721644,76.803906,30.707242,3.96,7.6,45,Fog,25.15,12:30,Sunday,1,27
"(30.721644, 76.845381)-(30.707242, 76.803906)-R2",76.845381,30.721644,76.803906,30.707242,6.49,12.91,57,Clouds,26.71,12:30,Sunday,0,40
"(30.721644, 76.845381)-(30.707242, 76.803906)-R3",76.845381,30.721644,76.803906,30.707242,6.42,12.45,27,Fog,29.87,12:30,Sunday,0,96
"(30.741482, 76.827765)-(30.763758, 76.828901)-R1",76.827765,30.741482,76.828901,30.763758,7.64,13.45,75,Clouds,24.09,15:45,Sunday,1,71
"(30.741482, 76.827765)-(30.763758, 76.828901)-R2",76.827765,30.741482,76.828901,30.763758,5.79,10.02,59,Fog,18.1,15:45,Sunday,0,12
"(30.741482, 76.827765)-(30.763758, 76.828901)-R3",76.827765,30.741482,76.828901,30.763758,4.3,8.86,21,Clear,21.99,15:45,Sunday,0,11
"(30.711801, 76.747499)-(30.749059, 76.81391)-R1",76.747499,30.711801,76.81391,30.749059,3.69,8.45,88,Rain,23.16,15:45,Sunday,1,77
"(30.711801, 76.747499)-(30.749059, 76.81391)-R2",76.747499,30.711801,76.81391,30.749059,6.42,11.59,73,Clouds,21.63,15:45,Sunday,0,85
"(30.711801, 76.747499)-(30.749059, 76.81391)-R3",76.747499,30.711801,76.81391,30.749059,4.63,8.41,110,Clouds,27.28,18:20,Sunday,0,30
"(30.765962, 76.705385)-(30.677526, 76.794674)-R1",76.705385,30.765962,76.794674,30.677526,1.25,2.3,10,Fog,19.56,18:20,Sunday,0,36
"(30.765962, 76.705385)-(30.677526, 76.794674)-R2",76.705385,30.765962,76.794674,30.677526,3.47,6.72,85,Clear,18.28,18:20,Sunday,1,91
"(30.765962, 76.705385)-(30.677526, 76.794674)-R3",76.705385,30.765962,76.794674,30.677526,1.63,3.05,116,Clouds,28.49,18:20,Sunday,0,45
"(30.771302, 76.849614)-(30.752144, 76.765096)-R1",76.849614,30.771302,76.765096,30.752144,2.58,5.88,68,Fog,28.35,18:20,Sunday,1,34
"(30.771302, 76.849614)-(30.752144, 76.765096)-R2",76.849614,30.771302,76.765096,30.752144,4.54,9.24,74,Clouds,35.05,21:10,Sunday,0,66
"(30.680829, 76.795062)-(30.765984, 76.766552)-R1",76.795062,30.680829,76.766552,30.765984,6.69,13.68,98,Clouds,24.79,21:10,Sunday,0,62
"(30.680829, 76.795062)-(30.765984, 76.766552)-R2",76.795062,30.680829,76.766552,30.765984,6.3,14.34,68,Rain,34.14,21:10,Sunday,0,4
"(30.680829, 76.795062)-(30.765984, 76.766552)-R3",76.795062,30.680829,76.766552,30.765984,2.8,5.4,110,Fog,30.18,21:10,Sunday,0,30
"(30.74634, 76.835514)-(30.675059, 76.819422)-R1",76.835514,30.74634,76.819422,30.675059,7.69,15.46,11,Rain,22.74,21:10,Sunday,1,37
"(30.74634, 76.835514)-(30.675059, 76.819422)-R2",76.835514,30.74634,76.819422,30.675059,5.72,12.54,19,Clouds,21.21,8:00,Monday,0,41
"(30.70227, 76.756226)-(30.686013, 76.779675)-R1",76.756226,30.70227,76.779675,30.686013,2.88,6.53,97,Fog,21.42,8:00,Monday,1,95
"(30.70227, 76.756226)-(30.686013, 76.779675)-R2",76.756226,30.70227,76.779675,30.686013,6.15,13.68,36,Clear,33.03,8:00,Monday,0,80
"(30.70227, 76.756226)-(30.686013, 76.779675)-R3",76.756226,30.70227,76.779675,30.686013,6.45,11.43,20,Rain,29.94,8:00,Monday,1,79
"(30.732252, 76.818878)-(30.688698, 76.711845)-R1",76.818878,30.732252,76.711845,30.688698,7.71,17.03,57,Rain,26.86,8:00,Monday,0,74
"(30.732252, 76.818878)-(30.688698, 76.711845)-R2",76.818878,30.732252,76.711845,30.688698,4.44,10.17,75,Clouds,22,10:03,Monday,0,74
"(30.732252, 76.818878)-(30.688698, 76.711845)-R3",76.818878,30.732252,76.711845,30.688698,4.68,9.14,79,Clear,24.25,10:03,Monday,0,88
"(30.765792, 76.792957)-(30.696491, 76.836924)-R1",76.792957,30.765792,76.836924,30.696491,7.84,16.61,68,Clouds,18.15,10:03,Monday,1,87
"(30.765792, 76.792957)-(30.696491, 76.836924)-R2",76.792957,30.765792,76.836924,30.696491,5.07,9.61,88,Fog,21.37,10:03,Monday,0,34
"(30.685743, 76.769172)-(30.697938, 76.738299)-R1",76.769172,30.685743,76.738299,30.697938,7.71,14.69,33,Clouds,21.79,10:03,Monday,0,90
"(30.685743, 76.769172)-(30.697938, 76.738299)-R2",76.769172,30.685743,76.738299,30.697938,3.56,6.91,67,Clear,20.36,12:30,Monday,0,74
"(30.671034, 76.820695)-(30.769133, 76.801642)-R1",76.820695,30.671034,76.801642,30.769133,6.05,13.2,81,Clouds,24.86,12:30,Monday,0,19
"(30.687377, 76.766259)-(30.708012, 76.788136)-R1",76.766259,30.687377,76.788136,30.708012,2.05,4.48,32,Clouds,20.42,12:30,Monday,1,81
"(30.687377, 76.766259)-(30.708012, 76.788136)-R2",76.766259,30.687377,76.788136,30.708012,6.04,13.11,48,Clouds,33.45,12:30,Monday,0,7
"(30.687377, 76.766259)-(30.708012, 76.788136)-R3",76.766259,30.687377,76.788136,30.708012,5.83,10.12,114,Clouds,33.1,12:30,Monday,0,13
"(30.740283, 76.763646)-(30.697511, 76.826796)-R1",76.763646,30.740283,76.826796,30.697511,2.82,5.4,81,Fog,22.64,15:45,Monday,1,3
"(30.740283, 76.763646)-(30.697511, 76.826796)-R2",76.763646,30.740283,76.826796,30.697511,3.46,7.29,87,Clear,28.37,15:45,Monday,0,84
"(30.691914, 76.757704)-(30.723153, 76.735581)-R1",76.757704,30.691914,76.735581,30.723153,3.49,7.34,72,Rain,26.04,15:45,Monday,1,11
"(30.691914, 76.757704)-(30.723153, 76.735581)-R2",76.757704,30.691914,76.735581,30.723153,3.01,6.26,28,Fog,29.53,15:45,Monday,0,44
"(30.732911, 76.786222)-(30.779196, 76.744285)-R1",76.786222,30.732911,76.744285,30.779196,5,11.05,19,Clear,24.19,15:45,Monday,1,41
"(30.732911, 76.786222)-(30.779196, 76.744285)-R2",76.786222,30.732911,76.744285,30.779196,3.04,5.66,92,Clouds,33.98,18:20,Monday,0,100
"(30.732911, 76.786222)-(30.779196, 76.744285)-R3",76.786222,30.732911,76.744285,30.779196,3.54,7.26,67,Clouds,21.31,18:20,Monday,0,3
"(30.777574, 76.798734)-(30.700193, 76.784889)-R1",76.798734,30.777574,76.784889,30.700193,5.63,12.75,99,Rain,21.79,18:20,Monday,1,51
"(30.745438, 76.8117)-(30.675395, 76.790961)-R1",76.8117,30.745438,76.790961,30.675395,7.56,15,16,Clear,25.15,18:20,Monday,0,98
"(30.72464, 76.835623)-(30.701481, 76.819829)-R1",76.835623,30.72464,76.819829,30.701481,2.84,5.09,93,Fog,25.02,18:20,Monday,1,30
"(30.736777, 76.752848)-(30.740028, 76.793134)-R1",76.752848,30.736777,76.793134,30.740028,4.1,7.28,77,Rain,18.51,21:10,Monday,1,85
"(30.736777, 76.752848)-(30.740028, 76.793134)-R2",76.752848,30.736777,76.793134,30.740028,7.41,16.44,69,Fog,27.73,21:10,Monday,0,35
"(30.744554, 76.808139)-(30.74251, 76.825751)-R1",76.808139,30.744554,76.825751,30.74251,7.79,16.5,32,Clouds,26.22,21:10,Monday,1,96
"(30.739107, 76.835511)-(30.741097, 76.74634)-R1",76.835511,30.739107,76.74634,30.741097,4.04,8.42,78,Clouds,24.25,21:10,Monday,1,70
"(30.739107, 76.835511)-(30.741097, 76.74634)-R2",76.835511,30.739107,76.74634,30.741097,1.63,3.07,62,Clouds,23.46,21:10,Monday,0,1
"(30.739107, 76.835511)-(30.741097, 76.74634)-R3",76.835511,30.739107,76.74634,30.741097,6.31,11.24,46,Clouds,18.15,8:00,Tuesday,0,63
"(30.718491, 76.786936)-(30.75056, 76.71352)-R1",76.786936,30.718491,76.71352,30.75056,3.1,6.69,112,Clouds,22.16,8:00,Tuesday,1,1
"(30.718491, 76.786936)-(30.75056, 76.71352)-R2",76.786936,30.718491,76.71352,30.75056,2.32,5.17,65,Clouds,20.94,8:00,Tuesday,0,95
"(30.702462, 76.812122)-(30.68932, 76.719824)-R1",76.812122,30.702462,76.719824,30.68932,2.54,4.44,90,Clear,31.76,8:00,Tuesday,0,79
"(30.702462, 76.812122)-(30.68932, 76.719824)-R2",76.812122,30.702462,76.719824,30.68932,5.79,10.83,105,Clouds,22.84,8:00,Tuesday,0,25
"(30.729335, 76.845723)-(30.761352, 76.738546)-R1",76.845723,30.729335,76.738546,30.761352,1.96,3.46,68,Rain,22.9,10:03,Tuesday,1,80
"(30.760716, 76.772277)-(30.758714, 76.811984)-R1",76.772277,30.760716,76.811984,30.758714,1.14,1.97,78,Clear,35.5,10:03,Tuesday,1,37
"(30.760716, 76.772277)-(30.758714, 76.811984)-R2",76.772277,30.760716,76.811984,30.758714,6.01,12.84,39,Clear,18.27,10:03,Tuesday,0,28
"(30.707259, 76.717275)-(30.775918, 76.721114)-R1",76.717275,30.707259,76.721114,30.775918,6.5,12.99,57,Clouds,32.25,10:03,Tuesday,1,43
"(30.707259, 76.717275)-(30.775918, 76.721114)-R2",76.717275,30.707259,76.721114,30.775918,6.25,11.17,44,Rain,19.28,10:03,Tuesday,0,61
"(30.776315, 76.829021)-(30.749664, 76.846991)-R1",76.829021,30.776315,76.846991,30.749664,6.72,14.76,25,Fog,30.86,12:30,Tuesday,0,50
"(30.776315, 76.829021)-(30.749664, 76.846991)-R2",76.829021,30.776315,76.846991,30.749664,4.1,8.78,14,Clear,31.24,12:30,Tuesday,0,13
"(30.7764, 76.820688)-(30.710235, 76.818602)-R1",76.820688,30.7764,76.818602,30.710235,4.31,9.09,49,Fog,20.86,12:30,Tuesday,1,94
"(30.671531, 76.780486)-(30.720026, 76.800924)-R1",76.780486,30.671531,76.800924,30.720026,4.65,8.61,91,Clouds,24.49,12:30,Tuesday,0,7
"(30.671531, 76.780486)-(30.720026, 76.800924)-R2",76.780486,30.671531,76.800924,30.720026,2.52,4.45,91,Clouds,18.27,12:30,Tuesday,0,36
"(30.671531, 76.780486)-(30.720026, 76.800924)-R3",76.780486,30.671531,76.800924,30.720026,3.77,6.96,15,Clouds,30.43,15:45,Tuesday,0,89
"(30.743957, 76.787684)-(30.760466, 76.841044)-R1",76.787684,30.743957,76.841044,30.760466,6.4,11.84,73,Clear,29.14,15:45,Tuesday,1,98
"(30.743957, 76.787684)-(30.760466, 76.841044)-R2",76.787684,30.743957,76.841044,30.760466,1.42,2.96,99,Clouds,19.93,15:45,Tuesday,0,63
"(30.681918, 76.735073)-(30.672753, 76.832635)-R1",76.735073,30.681918,76.832635,30.672753,6.52,14.04,113,Fog,31.2,15:45,Tuesday,1,3
"(30.681918, 76.735073)-(30.672753, 76.832635)-R2",76.735073,30.681918,76.832635,30.672753,3.51,6.25,15,Clouds,25.88,15:45,Tuesday,0,38
"(30.681918, 76.735073)-(30.672753, 76.832635)-R3",76.735073,30.681918,76.832635,30.672753,4.43,9.04,79,Clouds,31.18,18:20,Tuesday,0,36
"(30.731755, 76.837288)-(30.69435, 76.709483)-R1",76.837288,30.731755,76.709483,30.69435,7.4,15.04,18,Clouds,26.09,18:20,Tuesday,1,34
"(30.731755, 76.837288)-(30.69435, 76.709483)-R2",76.837288,30.731755,76.709483,30.69435,4.18,9.05,74,Clouds,21.34,18:20,Tuesday,0,3
"(30.731755, 76.837288)-(30.69435, 76.709483)-R3",76.837288,30.731755,76.709483,30.69435,3.55,7.36,51,Rain,29.85,18:20,Tuesday,0,69
"(30.760624, 76.836408)-(30.703241, 76.761244)-R1",76.836408,30.760624,76.761244,30.703241,4.67,9.33,80,Clear,23.1,18:20,Tuesday,1,53
"(30.685375, 76.841939)-(30.70348, 76.773894)-R1",76.841939,30.685375,76.773894,30.70348,1.67,3.5,15,Rain,20.34,21:10,Tuesday,1,5
"(30.680691, 76.833089)-(30.684923, 76.768047)-R1",76.833089,30.680691,76.768047,30.684923,2.34,4.02,92,Rain,29.84,21:10,Tuesday,1,68
"(30.680691, 76.833089)-(30.684923, 76.768047)-R2",76.833089,30.680691,76.768047,30.684923,5.13,8.87,38,Rain,19.28,21:10,Tuesday,0,27
"(30.743753, 76.811471)-(30.774057, 76.762869)-R1",76.811471,30.743753,76.762869,30.774057,4.28,8.92,56,Clouds,34.89,21:10,Tuesday,0,54
"(30.75165, 76.723178)-(30.715637, 76.714853)-R1",76.723178,30.75165,76.714853,30.715637,1.41,2.92,77,Clear,19.27,21:10,Tuesday,1,39
"(30.75165, 76.723178)-(30.715637, 76.714853)-R2",76.723178,30.75165,76.714853,30.715637,2.51,5.05,22,Rain,27.57,8:00,Wednesday,0,25
"(30.75165, 76.723178)-(30.715637, 76.714853)-R3",76.723178,30.75165,76.714853,30.715637,5.6,11.44,32,Clouds,28.05,8:00,Wednesday,0,96
"(30.723828, 76.761217)-(30.774667, 76.704907)-R1",76.761217,30.723828,76.704907,30.774667,5.04,10.61,99,Rain,33.89,8:00,Wednesday,0,22
"(30.723828, 76.761217)-(30.774667, 76.704907)-R2",76.761217,30.723828,76.704907,30.774667,4.85,9.71,94,Clear,35.97,8:00,Wednesday,0,57
"(30.723828, 76.761217)-(30.774667, 76.704907)-R3",76.761217,30.723828,76.704907,30.774667,7.32,14.86,51,Rain,25.42,8:00,Wednesday,0,82
"(30.710758, 76.766507)-(30.774561, 76.828318)-R1",76.766507,30.710758,76.828318,30.774561,3.26,6.01,79,Clear,31.78,10:03,Wednesday,1,96
"(30.710758, 76.766507)-(30.774561, 76.828318)-R2",76.766507,30.710758,76.828318,30.774561,7.73,15.22,60,Clear,18.62,10:03,Wednesday,0,37
"(30.710758, 76.766507)-(30.774561, 76.828318)-R3",76.766507,30.710758,76.828318,30.774561,4.62,10.61,48,Clear,35.72,10:03,Wednesday,0,28
"(30.680929, 76.802852)-(30.729891, 76.846676)-R1",76.802852,30.680929,76.846676,30.729891,6.4,14.5,115,Clouds,27.97,10:03,Wednesday,1,72
"(30.709454, 76.759721)-(30.690879, 76.718324)-R1",76.759721,30.709454,76.718324,30.690879,2.08,3.58,55,Clear,22.77,10:03,Wednesday,1,75
"(30.709454, 76.759721)-(30.690879, 76.718324)-R2",76.759721,30.709454,76.718324,30.690879,2.79,5.25,83,Clouds,34.52,12:30,Wednesday,1,94
"(30.709454, 76.759721)-(30.690879, 76.718324)-R3",76.759721,30.709454,76.718324,30.690879,3.27,6.51,72,Rain,30.41,12:30,Wednesday,0,74
"(30.763284, 76.768208)-(30.742905, 76.796256)-R1",76.768208,30.763284,76.796256,30.742905,5.17,9.72,103,Rain,24.87,12:30,Wednesday,1,100
"(30.735686, 76.703204)-(30.756547, 76.736535)-R1",76.703204,30.735686,76.736535,30.756547,3.44,7.53,63,Fog,20.17,12:30,Wednesday,1,99
"(30.735686, 76.703204)-(30.756547, 76.736535)-R2",76.703204,30.735686,76.736535,30.756547,5.57,11.48,11,Rain,29.38,12:30,Wednesday,0,7
"(30.683852, 76.784687)-(30.677547, 76.814774)-R1",76.784687,30.683852,76.814774,30.677547,3.24,6.61,51,Clouds,21.97,15:45,Wednesday,1,7
"(30.692787, 76.732393)-(30.765666, 76.749284)-R1",76.732393,30.692787,76.749284,30.765666,7.8,16.78,83,Clouds,22,15:45,Wednesday,0,38
"(30.692787, 76.732393)-(30.765666, 76.749284)-R2",76.732393,30.692787,76.749284,30.765666,2.04,3.88,70,Clouds,18.89,15:45,Wednesday,0,52
"(30.686231, 76.83508)-(30.670312, 76.828761)-R1",76.83508,30.686231,76.828761,30.670312,4.51,9.76,26,Rain,26.66,15:45,Wednesday,1,26
"(30.686231, 76.83508)-(30.670312, 76.828761)-R2",76.83508,30.686231,76.828761,30.670312,5.57,10.12,88,Fog,27.44,15:45,Wednesday,1,32
"(30.685916, 76.719499)-(30.697572, 76.726175)-R1",76.719499,30.685916,76.726175,30.697572,3.26,7.35,21,Clear,25.44,18:20,Wednesday,1,47
"(30.685916, 76.719499)-(30.697572, 76.726175)-R2",76.719499,30.685916,76.726175,30.697572,3.25,6.68,13,Rain,21.05,18:20,Wednesday,0,45
"(30.742716, 76.703867)-(30.671635, 76.818498)-R1",76.703867,30.742716,76.818498,30.671635,5.36,10.53,114,Clear,30.34,18:20,Wednesday,0,20
"(30.742716, 76.703867)-(30.671635, 76.818498)-R2",76.703867,30.742716,76.818498,30.671635,6.97,12.32,16,Clear,29.18,18:20,Wednesday,0,19
"(30.696172, 76.748566)-(30.689167, 76.70786)-R1",76.748566,30.696172,76.70786,30.689167,1.1,2.33,24,Clouds,26.48,18:20,Wednesday,1,43
"(30.696172, 76.748566)-(30.689167, 76.70786)-R2",76.748566,30.696172,76.70786,30.689167,4.77,8.69,76,Rain,27.88,21:10,Wednesday,0,80
"(30.751589, 76.778913)-(30.681996, 76.775576)-R1",76.778913,30.751589,76.775576,30.681996,5.87,12.33,58,Clouds,29.94,21:10,Wednesday,1,6
"(30.773996, 76.706505)-(30.756155, 76.830047)-R1",76.706505,30.773996,76.830047,30.756155,2.99,6.5,89,Clouds,26.37,21:10,Wednesday,1,2
"(30.72736, 76.768706)-(30.776043, 76.709124)-R1",76.768706,30.72736,76.709124,30.776043,2.9,6.41,94,Clouds,19.94,21:10,Wednesday,0,38
"(30.72736, 76.768706)-(30.776043, 76.709124)-R2",76.768706,30.72736,76.709124,30.776043,5.55,10.2,58,Clouds,30.77,21:10,Wednesday,0,41
"(30.72736, 76.768706)-(30.776043, 76.709124)-R3",76.768706,30.72736,76.709124,30.776043,5.18,9.08,35,Clouds,26.24,8:00,Thursday,1,92
"(30.722688, 76.760243)-(30.745471, 76.77354)-R1",76.760243,30.722688,76.77354,30.745471,7.46,14.05,72,Clouds,20.83,8:00,Thursday,1,45
"(30.770067, 76.711024)-(30.678887, 76.791245)-R1",76.711024,30.770067,76.791245,30.678887,5.38,9.91,74,Clouds,19.12,8:00,Thursday,0,33
"(30.770067, 76.711024)-(30.678887, 76.791245)-R2",76.711024,30.770067,76.791245,30.678887,7.23,15.83,13,Fog,35.08,8:00,Thursday,0,29
"(30.677225, 76.741252)-(30.739638, 76.782253)-R1",76.741252,30.677225,76.782253,30.739638,5.6,9.81,58,Clouds,30.2,8:00,Thursday,1,81
"(30.677225, 76.741252)-(30.739638, 76.782253)-R2",76.741252,30.677225,76.782253,30.739638,3.92,8.01,64,Fog,34.38,10:03,Thursday,0,43
"(30.70577, 76.849194)-(30.728361, 76.768057)-R1",76.849194,30.70577,76.768057,30.728361,2.45,4.37,79,Rain,21.64,10:03,Thursday,1,18
"(30.736597, 76.714877)-(30.747196, 76.827919)-R1",76.714877,30.736597,76.827919,30.747196,7.29,16.37,65,Fog,35.56,10:03,Thursday,1,19
"(30.736597, 76.714877)-(30.747196, 76.827919)-R2",76.714877,30.736597,76.827919,30.747196,4.95,8.88,18,Clouds,35.07,10:03,Thursday,0,16
"(30.736597, 76.714877)-(30.747196, 76.827919)-R3",76.714877,30.736597,76.827919,30.747196,6.88,12.3,13,Rain,33.84,10:03,Thursday,0,53
"(30.741601, 76.815344)-(30.749292, 76.732253)-R1",76.815344,30.741601,76.732253,30.749292,4.1,9.27,91,Fog,22.93,12:30,Thursday,1,100
"(30.741601, 76.815344)-(30.749292, 76.732253)-R2",76.815344,30.741601,76.732253,30.749292,1.92,3.29,88,Rain,28.9,12:30,Thursday,0,79
"(30.719671, 76.734274)-(30.707282, 76.768025)-R1",76.734274,30.719671,76.768025,30.707282,2.62,4.5,20,Rain,26.58,12:30,Thursday,0,65
"(30.715759, 76.714263)-(30.716944, 76.799766)-R1",76.714263,30.715759,76.799766,30.716944,5.98,11.51,119,Clouds,26.53,12:30,Thursday,1,21
"(30.715759, 76.714263)-(30.716944, 76.799766)-R2",76.714263,30.715759,76.799766,30.716944,1.23,2.66,11,Fog,35.1,12:30,Thursday,0,29
"(30.711173, 76.722896)-(30.771528, 76.71007)-R1",76.722896,30.711173,76.71007,30.771528,6.3,10.96,66,Fog,26.82,15:45,Thursday,0,42
"(30.761495, 76.713985)-(30.680622, 76.810819)-R1",76.713985,30.761495,76.810819,30.680622,3.99,8.64,87,Rain,24.85,15:45,Thursday,1,41
"(30.759295, 76.783456)-(30.734511, 76.784238)-R1",76.783456,30.759295,76.784238,30.734511,5,10.11,92,Fog,32.16,15:45,Thursday,1,67
"(30.759295, 76.783456)-(30.734511, 76.784238)-R2",76.783456,30.759295,76.784238,30.734511,4.2,9.35,41,Clouds,25.12,15:45,Thursday,1,95
"(30.759295, 76.783456)-(30.734511, 76.784238)-R3",76.783456,30.759295,76.784238,30.734511,3.71,8.01,16,Clear,25.91,15:45,Thursday,0,39
"(30.706261, 76.718335)-(30.708896, 76.799801)-R1",76.718335,30.706261,76.799801,30.708896,4.23,8.26,88,Fog,30.42,18:20,Thursday,1,19
"(30.706261, 76.718335)-(30.708896, 76.799801)-R2",76.718335,30.706261,76.799801,30.708896,5.52,9.68,74,Clear,32.02,18:20,Thursday,0,90
"(30.752531, 76.830214)-(30.749317, 76.84526)-R1",76.830214,30.752531,76.84526,30.749317,3.89,7.67,32,Clouds,34.14,18:20,Thursday,0,26
"(30.752531, 76.830214)-(30.749317, 76.84526)-R2",76.830214,30.752531,76.84526,30.749317,1.63,3.09,93,Fog,32.34,18:20,Thursday,0,92
"(30.736045, 76.752747)-(30.733571, 76.731911)-R1",76.752747,30.736045,76.731911,30.733571,1.8,3.55,56,Clear,30.73,18:20,Thursday,0,94
"(30.742241, 76.733637)-(30.681904, 76.826806)-R1",76.733637,30.742241,76.826806,30.681904,5.28,9.48,80,Clouds,31.83,21:10,Thursday,1,43
"(30.742241, 76.733637)-(30.681904, 76.826806)-R2",76.733637,30.742241,76.826806,30.681904,5.62,10.06,28,Clear,30.82,21:10,Thursday,0,54
"(30.742241, 76.733637)-(30.681904, 76.826806)-R3",76.733637,30.742241,76.826806,30.681904,6.11,13.91,46,Rain,20.12,21:10,Thursday,0,17
"(30.710432, 76.814391)-(30.733151, 76.821083)-R1",76.814391,30.710432,76.821083,30.733151,5.36,9.93,68,Clouds,26.98,21:10,Thursday,1,1
"(30.762967, 76.846182)-(30.760027, 76.792036)-R1",76.846182,30.762967,76.792036,30.760027,2.67,5.48,70,Clouds,25.95,21:10,Thursday,1,77
"(30.762967, 76.846182)-(30.760027, 76.792036)-R2",76.846182,30.762967,76.792036,30.760027,2.71,5.5,89,Rain,32.76,8:00,Friday,1,27
"(30.740697, 76.703938)-(30.772199, 76.824419)-R1",76.703938,30.740697,76.824419,30.772199,1.39,2.65,28,Fog,30.01,8:00,Friday,1,78
"(30.699419, 76.727062)-(30.747297, 76.746348)-R1",76.727062,30.699419,76.746348,30.747297,1.34,2.61,32,Clear,23.12,8:00,Friday,1,85
"(30.707381, 76.700916)-(30.765685, 76.784948)-R1",76.700916,30.707381,76.784948,30.765685,5.01,10.21,68,Rain,24.48,8:00,Friday,1,5
"(30.707381, 76.700916)-(30.765685, 76.784948)-R2",76.700916,30.707381,76.784948,30.765685,3.1,5.96,58,Rain,31.65,8:00,Friday,1,71
"(30.707381, 76.700916)-(30.765685, 76.784948)-R3",76.700916,30.707381,76.784948,30.765685,4.3,7.62,120,Clouds,27.49,10:03,Friday,0,68
"(30.714086, 76.721281)-(30.739649, 76.704599)-R1",76.721281,30.714086,76.704599,30.739649,5.28,9.32,103,Fog,27.52,10:03,Friday,1,12
"(30.752072, 76.73227)-(30.716182, 76.751134)-R1",76.73227,30.752072,76.751134,30.716182,5.23,11.36,100,Clouds,28.96,10:03,Friday,1,41
"(30.752072, 76.73227)-(30.716182, 76.751134)-R2",76.73227,30.752072,76.751134,30.716182,5.03,10.43,26,Rain,26.94,10:03,Friday,0,94
"(30.752072, 76.73227)-(30.716182, 76.751134)-R3",76.73227,30.752072,76.751134,30.716182,4.45,8.05,88,Clear,23.23,10:03,Friday,1,25
"(30.710706, 76.808239)-(30.755452, 76.785139)-R1",76.808239,30.710706,76.785139,30.755452,4.25,9.26,104,Rain,32.39,12:30,Friday,1,54
"(30.679345, 76.707891)-(30.687315, 76.792676)-R1",76.707891,30.679345,76.792676,30.687315,3.45,7.53,37,Clear,21.62,12:30,Friday,1,37
"(30.679345, 76.707891)-(30.687315, 76.792676)-R2",76.707891,30.679345,76.792676,30.687315,1.47,2.76,80,Clouds,18.11,12:30,Friday,0,88
"(30.744137, 76.740815)-(30.742813, 76.772849)-R1",76.740815,30.744137,76.772849,30.742813,6.07,12.56,13,Rain,21.49,12:30,Friday,0,44
"(30.744137, 76.740815)-(30.742813, 76.772849)-R2",76.740815,30.744137,76.772849,30.742813,4.35,8.63,14,Rain,26.67,12:30,Friday,0,81
"(30.718625, 76.740975)-(30.753044, 76.717073)-R1",76.740975,30.718625,76.717073,30.753044,7.27,14.38,114,Clouds,31.37,15:45,Friday,1,67
"(30.718625, 76.740975)-(30.753044, 76.717073)-R2",76.740975,30.718625,76.717073,30.753044,6.07,11.47,78,Clear,28.39,15:45,Friday,0,43
"(30.718625, 76.740975)-(30.753044, 76.717073)-R3",76.740975,30.718625,76.717073,30.753044,7.22,13.81,29,Clouds,18.56,15:45,Friday,0,49
"(30.71729, 76.742487)-(30.744633, 76.772995)-R1",76.742487,30.71729,76.772995,30.744633,5,9.67,86,Clear,32.08,15:45,Friday,0,40
"(30.743385, 76.706813)-(30.713479, 76.789899)-R1",76.706813,30.743385,76.789899,30.713479,5.97,11.12,21,Clouds,22.28,15:45,Friday,0,58
"(30.743385, 76.706813)-(30.713479, 76.789899)-R2",76.706813,30.743385,76.789899,30.713479,3.12,6.29,32,Clear,32.13,18:20,Friday,0,100
"(30.670846, 76.745213)-(30.693236, 76.720585)-R1",76.745213,30.670846,76.720585,30.693236,4.11,7.05,71,Fog,20.77,18:20,Friday,0,44
"(30.698107, 76.749218)-(30.67085, 76.812052)-R1",76.749218,30.698107,76.812052,30.67085,7.12,13.43,51,Clear,33.69,18:20,Friday,1,67
"(30.698107, 76.749218)-(30.67085, 76.812052)-R2",76.749218,30.698107,76.812052,30.67085,1.93,4.12,68,Clouds,33.57,18:20,Friday,1,15
"(30.698107, 76.749218)-(30.67085, 76.812052)-R3",76.749218,30.698107,76.812052,30.67085,7.53,15.91,86,Fog,24,18:20,Friday,0,6
"(30.689326, 76.757031)-(30.747404, 76.775039)-R1",76.757031,30.689326,76.775039,30.747404,6.22,10.66,107,Clouds,34.06,21:10,Friday,1,42
"(30.689326, 76.757031)-(30.747404, 76.775039)-R2",76.757031,30.689326,76.775039,30.747404,3.01,6.08,108,Clouds,20.12,21:10,Friday,0,20
"(30.689326, 76.757031)-(30.747404, 76.775039)-R3",76.757031,30.689326,76.775039,30.747404,1.8,4.09,81,Clouds,21.72,21:10,Friday,0,45
"(30.761669, 76.82093)-(30.677928, 76.829265)-R1",76.82093,30.761669,76.829265,30.677928,1.99,4.22,46,Clouds,21.08,21:10,Friday,1,40
"(30.761669, 76.82093)-(30.677928, 76.829265)-R2",76.82093,30.761669,76.829265,30.677928,3.37,6.63,26,Clear,34.26,21:10,Friday,0,7
"(30.674653, 76.702811)-(30.771328, 76.829317)-R1",76.702811,30.674653,76.829317,30.771328,1.6,3.1,100,Clouds,28.67,8:00,Saturday,1,89
"(30.733334, 76.78601)-(30.748045, 76.762654)-R1",76.78601,30.733334,76.762654,30.748045,3.49,6.63,35,Rain,30.08,8:00,Saturday,1,69
"(30.733334, 76.78601)-(30.748045, 76.762654)-R2",76.78601,30.733334,76.762654,30.748045,7.46,16.1,82,Clear,32.63,8:00,Saturday,0,90
"(30.733334, 76.78601)-(30.748045, 76.762654)-R3",76.78601,30.733334,76.762654,30.748045,4.19,8.84,100,Rain,26.47,8:00,Saturday,0,29
"(30.682669, 76.703128)-(30.705724, 76.820198)-R1",76.703128,30.682669,76.820198,30.705724,2.81,5.39,33,Rain,29.97,8:00,Saturday,1,42
"(30.682669, 76.703128)-(30.705724, 76.820198)-R2",76.703128,30.682669,76.820198,30.705724,1.21,2.4,54,Clouds,33.22,10:03,Saturday,0,37
"(30.682669, 76.703128)-(30.705724, 76.820198)-R3",76.703128,30.682669,76.820198,30.705724,5.23,9.29,23,Clouds,30.86,10:03,Saturday,0,14
"(30.737994, 76.824804)-(30.771175, 76.713219)-R1",76.824804,30.737994,76.713219,30.771175,1.5,2.82,69,Clouds,25.44,10:03,Saturday,1,80
"(30.737994, 76.824804)-(30.771175, 76.713219)-R2",76.824804,30.737994,76.713219,30.771175,2.11,4.2,18,Clouds,32.65,10:03,Saturday,0,76
"(30.737994, 76.824804)-(30.771175, 76.713219)-R3",76.824804,30.737994,76.713219,30.771175,7.86,16.04,53,Clouds,22.25,10:03,Saturday,0,85
"(30.762893, 76.736497)-(30.734776, 76.778594)-R1",76.736497,30.762893,76.778594,30.734776,7.52,15.37,72,Clear,28.73,12:30,Saturday,1,42
"(30.762893, 76.736497)-(30.734776, 76.778594)-R2",76.736497,30.762893,76.778594,30.734776,6.75,12.19,61,Clear,19.96,12:30,Saturday,0,77
"(30.762893, 76.736497)-(30.734776, 76.778594)-R3",76.736497,30.762893,76.778594,30.734776,3.65,7.29,94,Clear,21.92,12:30,Saturday,0,18
"(30.713534, 76.746541)-(30.688495, 76.776572)-R1",76.746541,30.713534,76.776572,30.688495,6.67,14.37,94,Clear,27.56,12:30,Saturday,1,50
"(30.713534, 76.746541)-(30.688495, 76.776572)-R2",76.746541,30.713534,76.776572,30.688495,4.13,7.53,50,Clouds,32.3,12:30,Saturday,0,87
"(30.713534, 76.746541)-(30.688495, 76.776572)-R3",76.746541,30.713534,76.776572,30.688495,7.6,14.9,54,Fog,28.49,15:45,Saturday,0,79
"(30.682543, 76.776493)-(30.769652, 76.752406)-R1",76.776493,30.682543,76.752406,30.769652,6.93,15.33,17,Clouds,27.88,15:45,Saturday,1,7
"(30.682543, 76.776493)-(30.769652, 76.752406)-R2",76.776493,30.682543,76.752406,30.769652,4.92,11.25,24,Fog,33.58,15:45,Saturday,0,31
